order_id,customer_id,product_category,product_name,quantity,unit_price,total_amount,order_date,customer_age,customer_city,customer_state
1000,"CUST_032","Books","Data Science Handbook",5,297.3,1486.5,"2024-02-21",56,"New York","NY"
1001,"CUST_317","Electronics","Tablet",1,200.37,200.37,"2024-03-07",37,"Boston","MA"
1002,"CUST_264","Beauty","Perfume",5,310.05,1550.25,"2024-09-16",73,"Boston","MA"
1003,"CUST_047","Electronics","Tablet",4,123.77,495.08,"2024-06-01",60,"Portland","OR"
1004,"CUST_059","Sports","Dumbbells",4,253.85,1015.4,"2024-05-23",52,"New York","NY"
1005,"CUST_499","Automotive","Floor Mats",2,174.69,349.38,"2024-06-28",49,"Austin","TX"
1006,"CUST_002","Electronics","Laptop",3,465.11,1395.33,"2024-10-06",71,"Chicago","IL"
1007,"CUST_466","Clothing","Dress",2,134.91,269.82,"2024-02-07",59,"Denver","CO"
1008,"CUST_041","Toys","Board Game",2,121.93,243.86,"2024-06-25",57,"Phoenix","AZ"
1009,"CUST_339","Automotive","Car Phone Mount",3,185.69,557.07,"2024-11-26",45,"Denver","CO"
1010,"CUST_213","Toys","Puzzle",3,32.4,97.2,"2024-03-08",38,"Austin","TX"
1011,"CUST_430","Books","JavaScript Guide",3,385.19,1155.57,"2024-09-05",27,"San Francisco","CA"
1012,"CUST_454","Toys","LEGO Set",2,115.95,231.9,"2024-11-03",71,"Boston","MA"
1013,"CUST_163","Electronics","Camera",5,463.78,2318.9,"2024-09-02",57,"Denver","CO"
1014,"CUST_467","Clothing","T-Shirt",3,252.6,757.8,"2024-02-13",74,"Denver","CO"
1015,"CUST_135","Automotive","Air Freshener",5,58.06,290.3,"2024-03-16",25,"San Francisco","CA"
1016,"CUST_312","Toys","Board Game",4,348.64,1394.56,"2024-04-07",60,"Miami","FL"
1017,"CUST_229","Toys","Action Figure",4,265.04,1060.16,"2024-09-03",50,"Phoenix","AZ"
1018,"CUST_271","Electronics","Smart Watch",2,475.84,951.68,"2024-04-25",44,"Miami","FL"
1019,"CUST_120","Beauty","Moisturizer",5,419.93,2099.65,"2024-04-12",66,"New York","NY"
1020,"CUST_049","Books","Novel",5,355.56,1777.8,"2024-02-17",23,"Boston","MA"
1021,"CUST_013","Beauty","Moisturizer",2,480.31,960.62,"2024-10-10",21,"Miami","FL"
1022,"CUST_143","Beauty","Perfume",5,23.75,118.75,"2024-02-17",72,"Denver","CO"
1023,"CUST_098","Toys","Board Game",1,375.74,375.74,"2024-11-16",39,"Denver","CO"
1024,"CUST_243","Beauty","Lipstick",3,338.43,1015.29,"2024-07-08",67,"Phoenix","AZ"
1025,"CUST_228","Clothing","Shoes",3,85.72,257.16,"2024-07-12",66,"Austin","TX"
1026,"CUST_019","Home & Garden","Vacuum",2,437.78,875.56,"2024-12-01",18,"Phoenix","AZ"
1027,"CUST_265","Sports","Dumbbells",4,128.2,512.8,"2024-10-27",65,"Miami","FL"
1028,"CUST_466","Clothing","Shoes",2,422.76,845.52,"2024-05-20",75,"Miami","FL"
1029,"CUST_151","Beauty","Moisturizer",2,434.48,868.96,"2024-03-18",70,"Boston","MA"
1030,"CUST_173","Electronics","Smartphone",1,339.96,339.96,"2024-05-17",22,"Boston","MA"
1031,"CUST_499","Books","JavaScript Guide",5,55.2,276,"2024-08-04",19,"Portland","OR"
1032,"CUST_062","Electronics","Smart Watch",1,250.95,250.95,"2024-04-04",28,"Boston","MA"
1033,"CUST_239","Toys","Action Figure",2,104.75,209.5,"2024-04-08",67,"Phoenix","AZ"
1034,"CUST_438","Home & Garden","Coffee Maker",5,452.23,2261.15,"2024-02-17",73,"Seattle","WA"
1035,"CUST_301","Electronics","Camera",4,478.65,1914.6,"2024-02-03",41,"San Francisco","CA"
1036,"CUST_391","Home & Garden","Blender",4,301.3,1205.2,"2024-05-13",71,"Denver","CO"
1037,"CUST_477","Automotive","Air Freshener",3,60.37,181.11,"2024-02-21",71,"Chicago","IL"
1038,"CUST_049","Electronics","Camera",2,18.05,36.1,"2024-02-23",30,"Seattle","WA"
1039,"CUST_251","Clothing","T-Shirt",2,277.7,555.4,"2024-05-21",59,"Boston","MA"
1040,"CUST_030","Beauty","Shampoo",3,412.46,1237.38,"2024-11-05",60,"New York","NY"
1041,"CUST_086","Clothing","Jeans",5,301.83,1509.15,"2024-03-05",48,"New York","NY"
1042,"CUST_460","Electronics","Smart Watch",1,78.33,78.33,"2024-04-27",41,"New York","NY"
1043,"CUST_365","Home & Garden","Vacuum",3,62.94,188.82,"2024-03-08",56,"Phoenix","AZ"
1044,"CUST_297","Books","Biography",4,144.18,576.72,"2024-07-09",73,"New York","NY"
1045,"CUST_311","Home & Garden","Lamp",4,297.08,1188.32,"2024-09-25",28,"San Francisco","CA"
1046,"CUST_218","Toys","Action Figure",2,424.38,848.76,"2024-01-22",19,"Austin","TX"
1047,"CUST_083","Clothing","Hat",5,13.48,67.4,"2024-02-28",77,"Seattle","WA"
1048,"CUST_337","Sports","Running Shoes",3,45.12,135.36,"2024-01-07",35,"Phoenix","AZ"
1049,"CUST_327","Clothing","Dress",2,464.14,928.28,"2024-07-05",50,"Phoenix","AZ"
1050,"CUST_232","Books","Data Science Handbook",3,180.82,542.46,"2024-06-13",64,"Miami","FL"
1051,"CUST_234","Sports","Running Shoes",5,164.27,821.35,"2024-12-25",33,"New York","NY"
1052,"CUST_475","Toys","Doll",1,446.86,446.86,"2024-10-17",75,"Chicago","IL"
1053,"CUST_409","Books","Data Science Handbook",3,393.62,1180.86,"2024-12-13",28,"Portland","OR"
1054,"CUST_163","Beauty","Perfume",1,65.53,65.53,"2024-02-15",57,"San Francisco","CA"
1055,"CUST_265","Books","Data Science Handbook",3,270.49,811.47,"2024-11-01",67,"Denver","CO"
1056,"CUST_174","Beauty","Perfume",4,430.1,1720.4,"2024-07-06",31,"Boston","MA"
1057,"CUST_314","Toys","Puzzle",2,492.95,985.9,"2024-09-18",59,"Miami","FL"
1058,"CUST_158","Electronics","Camera",5,15.23,76.15,"2024-07-01",30,"Boston","MA"
1059,"CUST_498","Beauty","Shampoo",3,230.79,692.37,"2024-02-01",47,"Phoenix","AZ"
1060,"CUST_412","Sports","Running Shoes",1,451.43,451.43,"2024-01-21",32,"Denver","CO"
1061,"CUST_149","Sports","Basketball",4,470.87,1883.48,"2024-12-25",40,"Seattle","WA"
1062,"CUST_253","Electronics","Smart Watch",2,463.49,926.98,"2024-01-22",53,"New York","NY"
1063,"CUST_234","Clothing","Hat",4,106.1,424.4,"2024-08-18",58,"Boston","MA"
1064,"CUST_400","Clothing","Hat",5,461.39,2306.95,"2024-02-21",73,"Miami","FL"
1065,"CUST_279","Home & Garden","Blender",4,419.77,1679.08,"2024-04-03",43,"Miami","FL"
1066,"CUST_321","Beauty","Lipstick",1,497.32,497.32,"2024-06-23",21,"Phoenix","AZ"
1067,"CUST_007","Home & Garden","Lamp",5,407.7,2038.5,"2024-11-10",52,"Boston","MA"
1068,"CUST_221","Books","Biography",4,472.01,1888.04,"2024-06-24",19,"Chicago","IL"
1069,"CUST_279","Clothing","Jeans",4,402.83,1611.32,"2024-11-27",21,"San Francisco","CA"
1070,"CUST_349","Clothing","T-Shirt",1,290.4,290.4,"2024-01-21",35,"Chicago","IL"
1071,"CUST_220","Beauty","Shampoo",2,283.11,566.22,"2024-09-26",67,"San Francisco","CA"
1072,"CUST_419","Books","Cookbook",5,235.31,1176.55,"2024-08-11",20,"Seattle","WA"
1073,"CUST_318","Home & Garden","Vacuum",4,103.81,415.24,"2024-07-27",55,"New York","NY"
1074,"CUST_375","Electronics","Smart Watch",3,488.19,1464.57,"2024-07-11",48,"Seattle","WA"
1075,"CUST_110","Automotive","Car Phone Mount",2,392.89,785.78,"2024-12-04",25,"Boston","MA"
1076,"CUST_209","Toys","Doll",4,152.32,609.28,"2024-06-17",35,"Austin","TX"
1077,"CUST_085","Sports","Running Shoes",4,484.89,1939.56,"2024-02-27",45,"New York","NY"
1078,"CUST_479","Home & Garden","Plant Pot",2,24.66,49.32,"2024-02-05",28,"Austin","TX"
1079,"CUST_431","Toys","LEGO Set",3,135.84,407.52,"2024-04-03",70,"Chicago","IL"
1080,"CUST_331","Sports","Tennis Racket",3,329,987,"2024-10-18",62,"San Francisco","CA"
1081,"CUST_011","Electronics","Laptop",4,127.62,510.48,"2024-07-12",19,"Portland","OR"
1082,"CUST_483","Books","Novel",4,355.25,1421,"2024-08-09",58,"Boston","MA"
1083,"CUST_388","Home & Garden","Vacuum",5,142.03,710.15,"2024-05-06",45,"Seattle","WA"
1084,"CUST_059","Books","Novel",4,486.45,1945.8,"2024-11-21",44,"Chicago","IL"
1085,"CUST_079","Clothing","Jeans",3,20.78,62.34,"2024-02-11",39,"Chicago","IL"
1086,"CUST_474","Toys","Doll",1,202.47,202.47,"2024-10-25",40,"Chicago","IL"
1087,"CUST_365","Toys","Board Game",4,168.58,674.32,"2024-08-10",72,"San Francisco","CA"
1088,"CUST_189","Home & Garden","Plant Pot",2,61.9,123.8,"2024-01-21",18,"Phoenix","AZ"
1089,"CUST_139","Toys","Doll",1,203.24,203.24,"2024-09-06",43,"Portland","OR"
1090,"CUST_125","Toys","LEGO Set",4,183.97,735.88,"2024-06-27",44,"San Francisco","CA"
1091,"CUST_446","Electronics","Laptop",1,24.32,24.32,"2024-08-11",33,"Chicago","IL"
1092,"CUST_154","Beauty","Moisturizer",3,19.46,58.38,"2024-10-02",26,"Seattle","WA"
1093,"CUST_287","Home & Garden","Lamp",4,64.23,256.92,"2024-08-28",65,"New York","NY"
1094,"CUST_467","Toys","Action Figure",1,260.37,260.37,"2024-06-22",42,"Miami","FL"
1095,"CUST_386","Books","Cookbook",5,40.24,201.2,"2024-02-20",44,"Chicago","IL"
1096,"CUST_438","Beauty","Perfume",2,416.31,832.62,"2024-11-24",49,"Miami","FL"
1097,"CUST_173","Electronics","Smart Watch",1,295.31,295.31,"2024-10-16",41,"Austin","TX"
1098,"CUST_058","Books","Cookbook",2,74.98,149.96,"2024-11-04",73,"Austin","TX"
1099,"CUST_156","Sports","Running Shoes",4,263.86,1055.44,"2024-01-24",51,"Miami","FL"
1100,"CUST_386","Clothing","Jeans",1,13.06,13.06,"2024-04-14",24,"San Francisco","CA"
1101,"CUST_083","Automotive","Car Phone Mount",5,190.46,952.3,"2024-01-05",46,"Austin","TX"
1102,"CUST_393","Automotive","Car Charger",2,462.93,925.86,"2024-03-23",77,"San Francisco","CA"
1103,"CUST_117","Toys","Puzzle",2,437.87,875.74,"2024-09-15",22,"Phoenix","AZ"
1104,"CUST_102","Books","Data Science Handbook",3,259.04,777.12,"2024-04-04",67,"Portland","OR"
1105,"CUST_386","Clothing","Sweater",4,463.92,1855.68,"2024-12-24",29,"Chicago","IL"
1106,"CUST_405","Home & Garden","Vacuum",1,118.93,118.93,"2024-05-02",41,"New York","NY"
1107,"CUST_261","Books","JavaScript Guide",3,301.94,905.82,"2024-03-15",77,"Phoenix","AZ"
1108,"CUST_371","Toys","Action Figure",2,474.01,948.02,"2024-01-04",63,"Chicago","IL"
1109,"CUST_367","Clothing","Sweater",1,405.24,405.24,"2024-12-06",48,"Chicago","IL"
1110,"CUST_463","Books","Cookbook",2,184.35,368.7,"2024-12-05",48,"Boston","MA"
1111,"CUST_047","Automotive","Air Freshener",5,240.61,1203.05,"2024-08-16",36,"Austin","TX"
1112,"CUST_001","Toys","Board Game",3,260.72,782.16,"2024-01-28",27,"Miami","FL"
1113,"CUST_500","Toys","Doll",5,150.19,750.95,"2024-10-14",73,"San Francisco","CA"
1114,"CUST_440","Books","Biography",4,395.8,1583.2,"2024-02-17",43,"Miami","FL"
1115,"CUST_264","Electronics","Camera",3,286.03,858.09,"2024-03-03",19,"Miami","FL"
1116,"CUST_291","Home & Garden","Vacuum",1,210.17,210.17,"2024-07-09",47,"Seattle","WA"
1117,"CUST_216","Sports","Dumbbells",3,453.86,1361.58,"2024-04-27",24,"Denver","CO"
1118,"CUST_389","Books","Cookbook",4,322.33,1289.32,"2024-10-10",74,"Seattle","WA"
1119,"CUST_465","Automotive","Car Charger",1,249.91,249.91,"2024-03-27",66,"Phoenix","AZ"
1120,"CUST_389","Toys","Board Game",2,201.23,402.46,"2024-11-24",70,"San Francisco","CA"
1121,"CUST_295","Beauty","Moisturizer",4,474.81,1899.24,"2024-08-11",69,"Denver","CO"
1122,"CUST_146","Books","Data Science Handbook",5,492.12,2460.6,"2024-07-04",40,"Miami","FL"
1123,"CUST_019","Home & Garden","Lamp",5,53.11,265.55,"2024-03-10",22,"Miami","FL"
1124,"CUST_094","Home & Garden","Blender",1,246.55,246.55,"2024-10-26",42,"Boston","MA"
1125,"CUST_372","Beauty","Perfume",1,48.78,48.78,"2024-08-07",65,"Chicago","IL"
1126,"CUST_281","Toys","Puzzle",2,88.17,176.34,"2024-03-10",29,"Phoenix","AZ"
1127,"CUST_319","Books","JavaScript Guide",2,462.88,925.76,"2024-07-28",55,"Portland","OR"
1128,"CUST_080","Clothing","Sweater",2,253.17,506.34,"2024-09-28",25,"San Francisco","CA"
1129,"CUST_330","Automotive","Floor Mats",2,142.87,285.74,"2024-08-02",46,"Phoenix","AZ"
1130,"CUST_269","Clothing","Sweater",3,380.38,1141.14,"2024-05-17",34,"Seattle","WA"
1131,"CUST_288","Home & Garden","Plant Pot",5,213.52,1067.6,"2024-01-08",21,"Denver","CO"
1132,"CUST_274","Clothing","T-Shirt",2,381.75,763.5,"2024-10-26",47,"Boston","MA"
1133,"CUST_120","Home & Garden","Plant Pot",4,303.46,1213.84,"2024-10-25",70,"Phoenix","AZ"
1134,"CUST_046","Sports","Tennis Racket",2,361.81,723.62,"2024-12-07",44,"Seattle","WA"
1135,"CUST_143","Electronics","Tablet",5,357.46,1787.3,"2024-02-19",76,"Denver","CO"
1136,"CUST_132","Clothing","Sweater",2,424.66,849.32,"2024-12-08",20,"Portland","OR"
1137,"CUST_203","Automotive","Floor Mats",3,457.64,1372.92,"2024-01-26",52,"Austin","TX"
1138,"CUST_367","Beauty","Face Mask",2,301.89,603.78,"2024-06-13",18,"Phoenix","AZ"
1139,"CUST_432","Home & Garden","Plant Pot",3,212.8,638.4,"2024-01-02",58,"Denver","CO"
1140,"CUST_489","Home & Garden","Plant Pot",4,148.62,594.48,"2024-06-21",60,"Denver","CO"
1141,"CUST_499","Books","Biography",5,163.12,815.6,"2024-09-22",54,"Seattle","WA"
1142,"CUST_380","Home & Garden","Blender",5,417.68,2088.4,"2024-06-21",75,"New York","NY"
1143,"CUST_021","Home & Garden","Blender",3,374.99,1124.97,"2024-08-10",40,"Phoenix","AZ"
1144,"CUST_093","Books","JavaScript Guide",3,47.04,141.12,"2024-09-02",29,"San Francisco","CA"
1145,"CUST_500","Sports","Running Shoes",3,278.83,836.49,"2024-08-09",54,"Denver","CO"
1146,"CUST_363","Beauty","Moisturizer",4,439.62,1758.48,"2024-12-09",56,"Boston","MA"
1147,"CUST_419","Toys","Action Figure",3,448.85,1346.55,"2024-10-19",37,"Phoenix","AZ"
1148,"CUST_500","Toys","Action Figure",4,338.84,1355.36,"2024-11-24",38,"Portland","OR"
1149,"CUST_083","Automotive","Car Charger",1,415.26,415.26,"2024-04-10",72,"Miami","FL"
1150,"CUST_352","Toys","Doll",2,416.63,833.26,"2024-08-27",39,"Miami","FL"
1151,"CUST_284","Books","Novel",1,136.3,136.3,"2024-10-28",72,"San Francisco","CA"
1152,"CUST_294","Beauty","Perfume",4,505.53,2022.12,"2024-08-22",36,"Denver","CO"
1153,"CUST_233","Books","Novel",4,153.67,614.68,"2024-12-08",45,"Seattle","WA"
1154,"CUST_200","Books","Data Science Handbook",4,456.16,1824.64,"2024-01-19",36,"Chicago","IL"
1155,"CUST_092","Books","Novel",5,254,1270,"2024-02-20",23,"New York","NY"
1156,"CUST_207","Automotive","Car Charger",2,129.02,258.04,"2024-12-22",19,"Chicago","IL"
1157,"CUST_283","Books","Novel",2,446.01,892.02,"2024-10-28",63,"Miami","FL"
1158,"CUST_476","Electronics","Smart Watch",2,464.97,929.94,"2024-03-12",72,"Miami","FL"
1159,"CUST_272","Beauty","Lipstick",5,329.23,1646.15,"2024-10-27",72,"Miami","FL"
1160,"CUST_016","Automotive","Floor Mats",4,351.93,1407.72,"2024-10-06",69,"New York","NY"
1161,"CUST_173","Home & Garden","Blender",4,449.33,1797.32,"2024-10-08",74,"Chicago","IL"
1162,"CUST_157","Toys","Action Figure",3,102.53,307.59,"2024-09-04",45,"Miami","FL"
1163,"CUST_046","Home & Garden","Vacuum",5,242.54,1212.7,"2024-11-03",77,"New York","NY"
1164,"CUST_306","Toys","LEGO Set",3,427.89,1283.67,"2024-04-24",62,"Austin","TX"
1165,"CUST_212","Beauty","Face Mask",4,212.1,848.4,"2024-09-24",33,"San Francisco","CA"
1166,"CUST_121","Home & Garden","Vacuum",1,129.99,129.99,"2024-10-11",40,"Chicago","IL"
1167,"CUST_268","Sports","Tennis Racket",3,393.59,1180.77,"2024-04-07",20,"Phoenix","AZ"
1168,"CUST_415","Sports","Dumbbells",2,174.77,349.54,"2024-04-06",48,"Phoenix","AZ"
1169,"CUST_411","Toys","Board Game",4,108.48,433.92,"2024-04-24",65,"New York","NY"
1170,"CUST_331","Automotive","Air Freshener",3,240.3,720.9,"2024-02-12",76,"Portland","OR"
1171,"CUST_331","Home & Garden","Coffee Maker",5,86.46,432.3,"2024-08-06",20,"Portland","OR"
1172,"CUST_091","Electronics","Laptop",1,442.78,442.78,"2024-07-26",77,"Austin","TX"
1173,"CUST_499","Toys","Puzzle",2,170.02,340.04,"2024-03-15",67,"Seattle","WA"
1174,"CUST_062","Books","Cookbook",1,420.98,420.98,"2024-08-07",45,"Denver","CO"
1175,"CUST_142","Sports","Running Shoes",1,338.38,338.38,"2024-02-26",24,"Austin","TX"
1176,"CUST_020","Beauty","Face Mask",5,64.57,322.85,"2024-07-03",77,"Austin","TX"
1177,"CUST_416","Clothing","Dress",2,79.98,159.96,"2024-01-26",38,"Portland","OR"
1178,"CUST_225","Electronics","Tablet",1,190.2,190.2,"2024-07-01",57,"New York","NY"
1179,"CUST_215","Toys","Puzzle",1,139.28,139.28,"2024-09-03",74,"Austin","TX"
1180,"CUST_433","Toys","Board Game",2,266.24,532.48,"2024-03-20",71,"Seattle","WA"
1181,"CUST_421","Electronics","Camera",2,61.87,123.74,"2024-05-12",76,"Chicago","IL"
1182,"CUST_168","Books","Cookbook",1,175.81,175.81,"2024-08-07",60,"Austin","TX"
1183,"CUST_179","Toys","Puzzle",3,195.28,585.84,"2024-12-19",49,"Portland","OR"
1184,"CUST_118","Electronics","Laptop",3,364.12,1092.36,"2024-06-26",63,"Chicago","IL"
1185,"CUST_102","Books","Novel",3,92.15,276.45,"2024-05-05",60,"Seattle","WA"
1186,"CUST_471","Electronics","Tablet",2,42.09,84.18,"2024-02-13",29,"Portland","OR"
1187,"CUST_111","Electronics","Laptop",1,457.54,457.54,"2024-06-25",38,"Chicago","IL"
1188,"CUST_239","Home & Garden","Coffee Maker",4,65.71,262.84,"2024-03-23",36,"San Francisco","CA"
1189,"CUST_463","Beauty","Lipstick",2,53.49,106.98,"2024-02-16",47,"Denver","CO"
1190,"CUST_402","Sports","Basketball",1,43.6,43.6,"2024-01-23",40,"Seattle","WA"
1191,"CUST_354","Toys","Doll",5,270.12,1350.6,"2024-08-15",63,"Austin","TX"
1192,"CUST_076","Books","Cookbook",5,251.15,1255.75,"2024-04-27",34,"Chicago","IL"
1193,"CUST_026","Toys","Board Game",1,480.42,480.42,"2024-06-01",70,"Miami","FL"
1194,"CUST_425","Books","Data Science Handbook",2,153.34,306.68,"2024-11-08",58,"Austin","TX"
1195,"CUST_273","Beauty","Perfume",2,479.26,958.52,"2024-07-04",76,"Portland","OR"
1196,"CUST_038","Electronics","Smartphone",4,17.32,69.28,"2024-06-23",63,"San Francisco","CA"
1197,"CUST_127","Beauty","Perfume",4,364.52,1458.08,"2024-12-11",24,"Austin","TX"
1198,"CUST_449","Automotive","Car Phone Mount",4,352.16,1408.64,"2024-08-19",65,"Miami","FL"
1199,"CUST_090","Clothing","Jeans",3,218.88,656.64,"2024-06-05",73,"San Francisco","CA"
1200,"CUST_140","Clothing","T-Shirt",2,274.92,549.84,"2024-12-28",38,"Austin","TX"
1201,"CUST_389","Home & Garden","Coffee Maker",3,343.67,1031.01,"2024-01-10",26,"Boston","MA"
1202,"CUST_132","Toys","Action Figure",2,318.58,637.16,"2024-01-13",68,"San Francisco","CA"
1203,"CUST_469","Sports","Dumbbells",1,195.69,195.69,"2024-04-25",64,"New York","NY"
1204,"CUST_239","Books","JavaScript Guide",2,27.35,54.7,"2024-12-01",66,"Seattle","WA"
1205,"CUST_280","Automotive","Car Charger",3,485.72,1457.16,"2024-09-04",67,"Chicago","IL"
1206,"CUST_165","Beauty","Shampoo",5,468.87,2344.35,"2024-03-14",70,"Chicago","IL"
1207,"CUST_288","Automotive","Car Charger",1,295.53,295.53,"2024-11-28",54,"Seattle","WA"
1208,"CUST_386","Home & Garden","Plant Pot",1,170.23,170.23,"2024-05-19",22,"San Francisco","CA"
1209,"CUST_147","Books","JavaScript Guide",1,406.12,406.12,"2024-08-24",53,"Seattle","WA"
1210,"CUST_420","Sports","Running Shoes",3,79.07,237.21,"2024-03-01",22,"Austin","TX"
1211,"CUST_013","Home & Garden","Coffee Maker",2,334.01,668.02,"2024-11-09",63,"Portland","OR"
1212,"CUST_352","Home & Garden","Blender",1,451.83,451.83,"2024-04-12",44,"Denver","CO"
1213,"CUST_072","Toys","Doll",2,120.32,240.64,"2024-10-26",25,"Portland","OR"
1214,"CUST_467","Clothing","Sweater",5,315.32,1576.6,"2024-09-04",61,"Chicago","IL"
1215,"CUST_116","Toys","Doll",3,260.71,782.13,"2024-12-05",46,"Chicago","IL"
1216,"CUST_308","Electronics","Tablet",3,493.11,1479.33,"2024-03-03",42,"New York","NY"
1217,"CUST_098","Home & Garden","Coffee Maker",4,366.06,1464.24,"2024-06-18",24,"New York","NY"
1218,"CUST_243","Sports","Yoga Mat",3,137.13,411.39,"2024-01-04",77,"Denver","CO"
1219,"CUST_083","Sports","Tennis Racket",1,234.34,234.34,"2024-04-21",43,"Boston","MA"
1220,"CUST_005","Beauty","Face Mask",1,319.28,319.28,"2024-11-19",27,"Chicago","IL"
1221,"CUST_356","Sports","Tennis Racket",5,158.91,794.55,"2024-02-26",65,"Phoenix","AZ"
1222,"CUST_211","Automotive","Car Phone Mount",1,331.82,331.82,"2024-01-13",70,"Chicago","IL"
1223,"CUST_023","Electronics","Headphones",4,91.1,364.4,"2024-10-02",74,"Austin","TX"
1224,"CUST_037","Books","Biography",4,11.97,47.88,"2024-11-10",77,"Austin","TX"
1225,"CUST_192","Toys","Doll",4,229.94,919.76,"2024-09-02",19,"Phoenix","AZ"
1226,"CUST_344","Books","Cookbook",3,268.65,805.95,"2024-12-06",36,"Denver","CO"
1227,"CUST_466","Electronics","Laptop",3,29.39,88.17,"2024-01-13",56,"San Francisco","CA"
1228,"CUST_123","Clothing","Shoes",5,181.87,909.35,"2024-12-23",40,"Portland","OR"
1229,"CUST_444","Electronics","Smartphone",5,474.46,2372.3,"2024-07-11",47,"Miami","FL"
1230,"CUST_350","Automotive","Floor Mats",2,187.28,374.56,"2024-04-13",48,"Chicago","IL"
1231,"CUST_033","Home & Garden","Coffee Maker",2,116.46,232.92,"2024-08-22",33,"Denver","CO"
1232,"CUST_409","Automotive","Air Freshener",5,483.15,2415.75,"2024-12-28",33,"Portland","OR"
1233,"CUST_157","Automotive","Air Freshener",5,331.96,1659.8,"2024-07-16",57,"Chicago","IL"
1234,"CUST_057","Home & Garden","Blender",4,58.38,233.52,"2024-10-25",53,"Phoenix","AZ"
1235,"CUST_061","Sports","Running Shoes",3,44.85,134.55,"2024-05-21",47,"Portland","OR"
1236,"CUST_135","Automotive","Air Freshener",1,170.55,170.55,"2024-12-19",29,"Miami","FL"
1237,"CUST_009","Automotive","Air Freshener",3,391.65,1174.95,"2024-11-02",21,"New York","NY"
1238,"CUST_159","Electronics","Camera",2,369.39,738.78,"2024-11-05",28,"San Francisco","CA"
1239,"CUST_352","Beauty","Perfume",4,29.31,117.24,"2024-12-15",61,"Phoenix","AZ"
1240,"CUST_327","Beauty","Lipstick",3,120.61,361.83,"2024-04-25",67,"Austin","TX"
1241,"CUST_465","Sports","Basketball",4,314.31,1257.24,"2024-12-14",72,"Portland","OR"
1242,"CUST_032","Home & Garden","Blender",5,236.39,1181.95,"2024-07-17",74,"Miami","FL"
1243,"CUST_201","Toys","Doll",3,183.13,549.39,"2024-12-12",42,"Chicago","IL"
1244,"CUST_183","Books","Data Science Handbook",4,299.35,1197.4,"2024-08-06",46,"Boston","MA"
1245,"CUST_087","Clothing","Sweater",2,147.17,294.34,"2024-08-14",77,"Boston","MA"
1246,"CUST_202","Electronics","Smart Watch",4,309.62,1238.48,"2024-03-06",77,"Phoenix","AZ"
1247,"CUST_003","Beauty","Moisturizer",4,228.11,912.44,"2024-02-11",24,"New York","NY"
1248,"CUST_300","Toys","LEGO Set",5,106.63,533.15,"2024-01-22",51,"New York","NY"
1249,"CUST_166","Books","Biography",2,212.22,424.44,"2024-05-04",20,"Boston","MA"
1250,"CUST_321","Books","Novel",5,398.82,1994.1,"2024-01-27",48,"San Francisco","CA"
1251,"CUST_423","Books","Biography",3,425.14,1275.42,"2024-07-23",39,"Seattle","WA"
1252,"CUST_464","Books","JavaScript Guide",4,475.41,1901.64,"2024-07-14",58,"New York","NY"
1253,"CUST_267","Toys","LEGO Set",2,506.81,1013.62,"2024-04-22",74,"San Francisco","CA"
1254,"CUST_397","Clothing","Hat",1,151.75,151.75,"2024-04-01",37,"Miami","FL"
1255,"CUST_340","Home & Garden","Coffee Maker",2,253.32,506.64,"2024-08-14",36,"Portland","OR"
1256,"CUST_021","Sports","Dumbbells",5,174.09,870.45,"2024-11-09",25,"Austin","TX"
1257,"CUST_500","Electronics","Laptop",2,60.03,120.06,"2024-04-18",44,"Chicago","IL"
1258,"CUST_063","Home & Garden","Blender",3,470.77,1412.31,"2024-03-21",34,"Phoenix","AZ"
1259,"CUST_493","Beauty","Moisturizer",2,156.78,313.56,"2024-03-20",28,"Seattle","WA"
1260,"CUST_202","Beauty","Perfume",3,227.24,681.72,"2024-07-08",54,"Austin","TX"
1261,"CUST_203","Home & Garden","Coffee Maker",4,491.02,1964.08,"2024-06-08",41,"Boston","MA"
1262,"CUST_386","Electronics","Camera",4,76.64,306.56,"2024-01-05",51,"Phoenix","AZ"
1263,"CUST_100","Beauty","Lipstick",5,400.67,2003.35,"2024-02-23",59,"Phoenix","AZ"
1264,"CUST_033","Home & Garden","Coffee Maker",2,304.04,608.08,"2024-10-10",68,"Chicago","IL"
1265,"CUST_257","Automotive","Air Freshener",1,64.27,64.27,"2024-11-08",74,"New York","NY"
1266,"CUST_252","Electronics","Tablet",1,106.36,106.36,"2024-05-27",77,"Seattle","WA"
1267,"CUST_392","Automotive","Air Freshener",3,509.47,1528.41,"2024-12-09",38,"Miami","FL"
1268,"CUST_477","Books","Cookbook",1,280,280,"2024-12-09",30,"Boston","MA"
1269,"CUST_286","Toys","Doll",5,458.98,2294.9,"2024-05-26",26,"Boston","MA"
1270,"CUST_455","Electronics","Tablet",1,89.29,89.29,"2024-05-14",63,"Austin","TX"
1271,"CUST_347","Books","Data Science Handbook",2,156.8,313.6,"2024-10-01",62,"Chicago","IL"
1272,"CUST_096","Toys","Board Game",2,385.39,770.78,"2024-05-22",51,"Boston","MA"
1273,"CUST_085","Electronics","Smartphone",1,148.02,148.02,"2024-03-06",60,"Austin","TX"
1274,"CUST_237","Clothing","Shoes",2,263.55,527.1,"2024-09-10",47,"Boston","MA"
1275,"CUST_202","Electronics","Camera",5,211.57,1057.85,"2024-10-09",62,"Miami","FL"
1276,"CUST_375","Automotive","Air Freshener",5,209.38,1046.9,"2024-05-27",64,"Boston","MA"
1277,"CUST_172","Books","Data Science Handbook",4,274.64,1098.56,"2024-01-24",67,"Boston","MA"
1278,"CUST_495","Books","JavaScript Guide",2,204.4,408.8,"2024-05-09",51,"Denver","CO"
1279,"CUST_339","Beauty","Shampoo",1,178.42,178.42,"2024-04-16",77,"Boston","MA"
1280,"CUST_292","Electronics","Headphones",1,326.9,326.9,"2024-06-14",20,"Austin","TX"
1281,"CUST_118","Electronics","Headphones",1,15.35,15.35,"2024-08-07",21,"Boston","MA"
1282,"CUST_359","Books","Novel",5,121.97,609.85,"2024-12-16",28,"San Francisco","CA"
1283,"CUST_139","Sports","Tennis Racket",1,69.88,69.88,"2024-05-05",69,"Seattle","WA"
1284,"CUST_304","Books","Biography",4,225.87,903.48,"2024-08-28",23,"Portland","OR"
1285,"CUST_070","Beauty","Face Mask",4,414.09,1656.36,"2024-11-04",60,"Portland","OR"
1286,"CUST_166","Home & Garden","Lamp",2,400.42,800.84,"2024-02-13",60,"Portland","OR"
1287,"CUST_105","Electronics","Smart Watch",3,160,480,"2024-06-28",46,"Phoenix","AZ"
1288,"CUST_040","Electronics","Headphones",1,298.03,298.03,"2024-07-04",23,"Miami","FL"
1289,"CUST_182","Sports","Running Shoes",2,314.16,628.32,"2024-03-08",72,"Austin","TX"
1290,"CUST_248","Sports","Dumbbells",1,98.29,98.29,"2024-11-03",66,"Seattle","WA"
1291,"CUST_215","Sports","Basketball",4,163.37,653.48,"2024-10-28",36,"Boston","MA"
1292,"CUST_359","Home & Garden","Coffee Maker",5,222.24,1111.2,"2024-10-04",62,"Denver","CO"
1293,"CUST_215","Electronics","Laptop",2,136.56,273.12,"2024-08-24",60,"New York","NY"
1294,"CUST_347","Automotive","Air Freshener",1,479.21,479.21,"2024-02-14",40,"Portland","OR"
1295,"CUST_275","Books","Biography",4,467.71,1870.84,"2024-01-27",30,"Portland","OR"
1296,"CUST_486","Books","Data Science Handbook",4,219.13,876.52,"2024-12-13",70,"Chicago","IL"
1297,"CUST_305","Toys","Board Game",2,164.94,329.88,"2024-11-07",51,"Austin","TX"
1298,"CUST_238","Automotive","Car Charger",3,373.87,1121.61,"2024-06-19",40,"New York","NY"
1299,"CUST_385","Sports","Tennis Racket",1,105.81,105.81,"2024-01-16",75,"Austin","TX"
1300,"CUST_271","Electronics","Camera",1,181.8,181.8,"2024-07-17",51,"Miami","FL"
1301,"CUST_232","Automotive","Car Charger",5,28.59,142.95,"2024-12-21",62,"Boston","MA"
1302,"CUST_358","Automotive","Car Phone Mount",5,345.14,1725.7,"2024-04-14",37,"Austin","TX"
1303,"CUST_176","Sports","Tennis Racket",1,105.69,105.69,"2024-10-22",18,"New York","NY"
1304,"CUST_042","Toys","Board Game",4,44.74,178.96,"2024-04-20",59,"Phoenix","AZ"
1305,"CUST_353","Electronics","Headphones",1,264.51,264.51,"2024-05-15",68,"Miami","FL"
1306,"CUST_376","Automotive","Car Phone Mount",3,236,708,"2024-03-07",47,"Chicago","IL"
1307,"CUST_421","Beauty","Moisturizer",5,464.34,2321.7,"2024-06-06",38,"Miami","FL"
1308,"CUST_182","Automotive","Car Charger",1,329.38,329.38,"2024-12-22",29,"Portland","OR"
1309,"CUST_061","Automotive","Floor Mats",4,191.32,765.28,"2024-09-09",25,"Austin","TX"
1310,"CUST_114","Beauty","Shampoo",4,226.06,904.24,"2024-02-04",64,"San Francisco","CA"
1311,"CUST_499","Books","Novel",3,389.87,1169.61,"2024-11-26",71,"New York","NY"
1312,"CUST_350","Beauty","Perfume",4,141.83,567.32,"2024-12-24",65,"Denver","CO"
1313,"CUST_312","Home & Garden","Plant Pot",4,499.99,1999.96,"2024-08-21",73,"Boston","MA"
1314,"CUST_452","Electronics","Headphones",4,111.29,445.16,"2024-11-05",32,"New York","NY"
1315,"CUST_359","Toys","Doll",4,276.41,1105.64,"2024-12-17",59,"Miami","FL"
1316,"CUST_060","Electronics","Smartphone",3,132.61,397.83,"2024-03-07",39,"Miami","FL"
1317,"CUST_040","Beauty","Face Mask",4,355.9,1423.6,"2024-12-07",68,"Portland","OR"
1318,"CUST_087","Sports","Basketball",4,284.36,1137.44,"2024-12-05",55,"Miami","FL"
1319,"CUST_022","Beauty","Lipstick",3,290.13,870.39,"2024-12-03",27,"Portland","OR"
1320,"CUST_107","Toys","Doll",5,470.6,2353,"2024-04-06",33,"Boston","MA"
1321,"CUST_144","Books","Biography",3,300.57,901.71,"2024-05-13",46,"Denver","CO"
1322,"CUST_325","Toys","Board Game",3,503.92,1511.76,"2024-10-13",73,"San Francisco","CA"
1323,"CUST_052","Home & Garden","Vacuum",4,107.4,429.6,"2024-03-25",42,"Boston","MA"
1324,"CUST_377","Toys","Board Game",5,122.18,610.9,"2024-11-02",45,"Austin","TX"
1325,"CUST_312","Sports","Tennis Racket",3,507.64,1522.92,"2024-04-15",18,"Denver","CO"
1326,"CUST_443","Books","Novel",4,489.67,1958.68,"2024-12-23",64,"Miami","FL"
1327,"CUST_165","Electronics","Smartphone",1,237,237,"2024-06-28",65,"New York","NY"
1328,"CUST_110","Toys","Action Figure",4,152.5,610,"2024-03-22",20,"Chicago","IL"
1329,"CUST_140","Books","Novel",3,422.7,1268.1,"2024-08-08",48,"San Francisco","CA"
1330,"CUST_121","Beauty","Lipstick",1,352.02,352.02,"2024-04-13",33,"San Francisco","CA"
1331,"CUST_022","Clothing","Hat",5,71.91,359.55,"2024-12-24",68,"San Francisco","CA"
1332,"CUST_419","Books","JavaScript Guide",2,419.98,839.96,"2024-03-20",56,"Boston","MA"
1333,"CUST_025","Automotive","Floor Mats",5,505.56,2527.8,"2024-08-07",74,"Chicago","IL"
1334,"CUST_126","Sports","Basketball",2,278.02,556.04,"2024-01-22",64,"Denver","CO"
1335,"CUST_395","Home & Garden","Lamp",2,252.39,504.78,"2024-03-03",30,"Boston","MA"
1336,"CUST_302","Clothing","Hat",3,442.75,1328.25,"2024-02-28",48,"New York","NY"
1337,"CUST_079","Books","Novel",3,389.33,1167.99,"2024-01-26",21,"Austin","TX"
1338,"CUST_111","Automotive","Floor Mats",1,132.43,132.43,"2024-04-18",70,"San Francisco","CA"
1339,"CUST_424","Books","Data Science Handbook",2,278.13,556.26,"2024-08-17",34,"Austin","TX"
1340,"CUST_481","Home & Garden","Coffee Maker",2,370.2,740.4,"2024-12-08",76,"Phoenix","AZ"
1341,"CUST_493","Electronics","Smart Watch",2,453.93,907.86,"2024-07-18",76,"Phoenix","AZ"
1342,"CUST_083","Books","Novel",4,234.46,937.84,"2024-02-11",19,"Austin","TX"
1343,"CUST_151","Sports","Dumbbells",2,455.58,911.16,"2024-10-25",68,"New York","NY"
1344,"CUST_425","Books","Biography",3,256.24,768.72,"2024-01-05",40,"Miami","FL"
1345,"CUST_393","Automotive","Floor Mats",3,12.21,36.63,"2024-08-20",64,"Miami","FL"
1346,"CUST_487","Automotive","Car Phone Mount",2,159.78,319.56,"2024-10-12",55,"Phoenix","AZ"
1347,"CUST_048","Books","Novel",2,368.08,736.16,"2024-05-20",34,"Phoenix","AZ"
1348,"CUST_057","Clothing","Hat",4,357.2,1428.8,"2024-07-13",37,"Miami","FL"
1349,"CUST_479","Beauty","Perfume",2,201.11,402.22,"2024-08-14",58,"Chicago","IL"
1350,"CUST_039","Books","JavaScript Guide",1,325.16,325.16,"2024-01-03",18,"Boston","MA"
1351,"CUST_195","Electronics","Smartphone",5,306.5,1532.5,"2024-11-01",71,"Boston","MA"
1352,"CUST_477","Books","JavaScript Guide",3,327.09,981.27,"2024-07-01",73,"San Francisco","CA"
1353,"CUST_470","Sports","Yoga Mat",3,464.85,1394.55,"2024-12-01",49,"Miami","FL"
1354,"CUST_151","Books","JavaScript Guide",1,217.97,217.97,"2024-07-17",46,"San Francisco","CA"
1355,"CUST_260","Books","Data Science Handbook",1,178.55,178.55,"2024-01-08",47,"Chicago","IL"
1356,"CUST_024","Clothing","Dress",1,226.27,226.27,"2024-03-01",18,"Chicago","IL"
1357,"CUST_237","Clothing","Hat",4,172.93,691.72,"2024-03-23",55,"Boston","MA"
1358,"CUST_085","Toys","Puzzle",4,153.83,615.32,"2024-07-17",53,"Austin","TX"
1359,"CUST_326","Sports","Dumbbells",4,410.13,1640.52,"2024-03-12",40,"Portland","OR"
1360,"CUST_109","Clothing","Sweater",4,450.12,1800.48,"2024-09-23",36,"San Francisco","CA"
1361,"CUST_405","Books","Biography",4,176.03,704.12,"2024-05-02",76,"New York","NY"
1362,"CUST_471","Sports","Basketball",2,273.78,547.56,"2024-06-08",54,"Austin","TX"
1363,"CUST_046","Clothing","Sweater",3,174.79,524.37,"2024-07-25",40,"Chicago","IL"
1364,"CUST_496","Books","Novel",4,107.43,429.72,"2024-07-27",66,"Miami","FL"
1365,"CUST_482","Beauty","Moisturizer",2,300.47,600.94,"2024-03-07",58,"San Francisco","CA"
1366,"CUST_235","Beauty","Face Mask",5,164.46,822.3,"2024-07-02",44,"Denver","CO"
1367,"CUST_431","Sports","Basketball",5,104.72,523.6,"2024-06-19",65,"Portland","OR"
1368,"CUST_088","Automotive","Car Phone Mount",5,288.64,1443.2,"2024-02-07",74,"Boston","MA"
1369,"CUST_344","Sports","Basketball",4,197.69,790.76,"2024-09-25",33,"Chicago","IL"
1370,"CUST_212","Home & Garden","Coffee Maker",4,17.59,70.36,"2024-11-23",33,"Phoenix","AZ"
1371,"CUST_331","Clothing","Jeans",2,302.28,604.56,"2024-08-23",25,"Miami","FL"
1372,"CUST_477","Toys","LEGO Set",3,255.5,766.5,"2024-03-15",53,"Seattle","WA"
1373,"CUST_100","Sports","Running Shoes",1,458.68,458.68,"2024-05-06",62,"San Francisco","CA"
1374,"CUST_240","Automotive","Air Freshener",1,399.45,399.45,"2024-12-26",37,"Seattle","WA"
1375,"CUST_178","Home & Garden","Blender",1,122.73,122.73,"2024-02-28",61,"Denver","CO"
1376,"CUST_448","Books","Novel",1,382.99,382.99,"2024-07-21",64,"New York","NY"
1377,"CUST_132","Clothing","Hat",4,376.32,1505.28,"2024-06-21",43,"San Francisco","CA"
1378,"CUST_226","Home & Garden","Vacuum",5,42.02,210.1,"2024-12-27",60,"Denver","CO"
1379,"CUST_377","Beauty","Lipstick",5,241.47,1207.35,"2024-01-04",20,"Chicago","IL"
1380,"CUST_238","Beauty","Perfume",1,155.34,155.34,"2024-02-15",26,"Phoenix","AZ"
1381,"CUST_213","Automotive","Floor Mats",5,257.09,1285.45,"2024-02-12",62,"Portland","OR"
1382,"CUST_494","Sports","Basketball",1,259.62,259.62,"2024-11-14",46,"Austin","TX"
1383,"CUST_280","Automotive","Car Phone Mount",5,347.3,1736.5,"2024-03-23",46,"San Francisco","CA"
1384,"CUST_056","Clothing","Hat",5,309.73,1548.65,"2024-09-08",44,"Miami","FL"
1385,"CUST_281","Books","Cookbook",2,384.63,769.26,"2024-10-28",72,"New York","NY"
1386,"CUST_105","Beauty","Moisturizer",5,153.55,767.75,"2024-10-08",36,"San Francisco","CA"
1387,"CUST_431","Home & Garden","Coffee Maker",4,303.44,1213.76,"2024-05-13",38,"Seattle","WA"
1388,"CUST_191","Clothing","Sweater",2,178.86,357.72,"2024-04-12",57,"Phoenix","AZ"
1389,"CUST_133","Toys","Action Figure",4,430.12,1720.48,"2024-07-02",71,"Chicago","IL"
1390,"CUST_225","Books","Cookbook",3,73.47,220.41,"2024-05-07",58,"Denver","CO"
1391,"CUST_166","Books","JavaScript Guide",3,34.91,104.73,"2024-07-03",43,"Portland","OR"
1392,"CUST_027","Automotive","Air Freshener",1,253.95,253.95,"2024-02-15",33,"Phoenix","AZ"
1393,"CUST_288","Beauty","Moisturizer",4,396.33,1585.32,"2024-02-11",23,"New York","NY"
1394,"CUST_301","Books","Novel",3,43.9,131.7,"2024-06-21",20,"Seattle","WA"
1395,"CUST_114","Electronics","Camera",1,181.6,181.6,"2024-06-12",68,"Chicago","IL"
1396,"CUST_419","Toys","LEGO Set",2,74.98,149.96,"2024-12-12",44,"Seattle","WA"
1397,"CUST_109","Home & Garden","Vacuum",1,373.07,373.07,"2024-01-26",62,"Boston","MA"
1398,"CUST_300","Clothing","Hat",1,59.3,59.3,"2024-06-17",22,"Seattle","WA"
1399,"CUST_159","Beauty","Moisturizer",2,394.74,789.48,"2024-12-21",18,"Austin","TX"
1400,"CUST_408","Beauty","Perfume",5,305.67,1528.35,"2024-03-14",74,"New York","NY"
1401,"CUST_054","Home & Garden","Lamp",2,444.67,889.34,"2024-12-02",24,"Denver","CO"
1402,"CUST_064","Toys","Action Figure",3,116.88,350.64,"2024-09-24",73,"Austin","TX"
1403,"CUST_213","Toys","Board Game",4,385.68,1542.72,"2024-05-14",59,"Seattle","WA"
1404,"CUST_126","Clothing","Dress",2,169.14,338.28,"2024-01-16",50,"Boston","MA"
1405,"CUST_474","Clothing","Shoes",2,485.23,970.46,"2024-09-27",70,"Boston","MA"
1406,"CUST_285","Clothing","T-Shirt",4,99.01,396.04,"2024-10-24",48,"Denver","CO"
1407,"CUST_368","Automotive","Car Phone Mount",5,106.06,530.3,"2024-06-18",39,"Portland","OR"
1408,"CUST_333","Clothing","Jeans",1,397.32,397.32,"2024-10-24",67,"Boston","MA"
1409,"CUST_307","Clothing","Sweater",5,231.09,1155.45,"2024-08-26",29,"Austin","TX"
1410,"CUST_098","Electronics","Headphones",2,359.84,719.68,"2024-02-05",29,"Phoenix","AZ"
1411,"CUST_115","Automotive","Car Phone Mount",1,509.45,509.45,"2024-07-16",43,"San Francisco","CA"
1412,"CUST_477","Automotive","Floor Mats",3,450.34,1351.02,"2024-12-24",33,"Miami","FL"
1413,"CUST_193","Books","Cookbook",2,259.51,519.02,"2024-03-18",67,"New York","NY"
1414,"CUST_202","Beauty","Perfume",2,134.65,269.3,"2024-04-04",42,"Boston","MA"
1415,"CUST_164","Automotive","Car Phone Mount",5,249.42,1247.1,"2024-10-27",43,"New York","NY"
1416,"CUST_043","Automotive","Floor Mats",4,258.77,1035.08,"2024-03-10",42,"Seattle","WA"
1417,"CUST_026","Home & Garden","Vacuum",2,52.63,105.26,"2024-04-02",34,"Chicago","IL"
1418,"CUST_052","Books","Cookbook",1,450.38,450.38,"2024-03-04",24,"Portland","OR"
1419,"CUST_130","Home & Garden","Lamp",2,100.07,200.14,"2024-01-18",36,"New York","NY"
1420,"CUST_011","Toys","Doll",5,196.97,984.85,"2024-03-14",33,"Seattle","WA"
1421,"CUST_003","Automotive","Air Freshener",2,505.21,1010.42,"2024-08-06",63,"Phoenix","AZ"
1422,"CUST_050","Sports","Basketball",4,146.84,587.36,"2024-08-17",52,"Seattle","WA"
1423,"CUST_075","Clothing","Dress",5,344.35,1721.75,"2024-05-10",67,"Boston","MA"
1424,"CUST_220","Electronics","Smartphone",5,460.81,2304.05,"2024-03-08",34,"Chicago","IL"
1425,"CUST_366","Electronics","Tablet",2,104.06,208.12,"2024-03-17",63,"Boston","MA"
1426,"CUST_212","Books","Biography",1,60.23,60.23,"2024-01-26",38,"New York","NY"
1427,"CUST_309","Electronics","Smartphone",3,184.08,552.24,"2024-01-10",30,"Phoenix","AZ"
1428,"CUST_370","Beauty","Perfume",1,286.91,286.91,"2024-01-20",30,"Austin","TX"
1429,"CUST_498","Automotive","Floor Mats",4,224.78,899.12,"2024-06-25",21,"New York","NY"
1430,"CUST_322","Automotive","Floor Mats",3,253.82,761.46,"2024-11-23",20,"Boston","MA"
1431,"CUST_043","Sports","Running Shoes",5,433.27,2166.35,"2024-10-02",35,"Seattle","WA"
1432,"CUST_222","Toys","Doll",3,65.33,195.99,"2024-02-10",63,"Phoenix","AZ"
1433,"CUST_162","Sports","Yoga Mat",3,461,1383,"2024-12-15",50,"Portland","OR"
1434,"CUST_238","Sports","Dumbbells",1,334.01,334.01,"2024-01-25",67,"Phoenix","AZ"
1435,"CUST_070","Beauty","Perfume",2,334.23,668.46,"2024-10-02",43,"Chicago","IL"
1436,"CUST_422","Books","Novel",4,202.96,811.84,"2024-02-02",30,"Seattle","WA"
1437,"CUST_425","Books","JavaScript Guide",3,438.12,1314.36,"2024-05-09",32,"Phoenix","AZ"
1438,"CUST_342","Electronics","Camera",4,257.51,1030.04,"2024-12-02",23,"New York","NY"
1439,"CUST_496","Automotive","Air Freshener",1,70.03,70.03,"2024-03-23",27,"Austin","TX"
1440,"CUST_037","Beauty","Shampoo",1,447.02,447.02,"2024-09-10",66,"Denver","CO"
1441,"CUST_111","Toys","Puzzle",4,236.8,947.2,"2024-12-21",75,"Denver","CO"
1442,"CUST_358","Toys","Doll",5,422.29,2111.45,"2024-05-28",36,"Austin","TX"
1443,"CUST_272","Toys","Puzzle",4,268,1072,"2024-05-27",44,"Chicago","IL"
1444,"CUST_418","Clothing","Shoes",2,240.63,481.26,"2024-09-21",59,"Chicago","IL"
1445,"CUST_249","Beauty","Shampoo",4,399.53,1598.12,"2024-07-17",22,"Denver","CO"
1446,"CUST_003","Books","Data Science Handbook",5,151.09,755.45,"2024-05-27",48,"Boston","MA"
1447,"CUST_089","Electronics","Smartphone",3,21.75,65.25,"2024-02-23",69,"Phoenix","AZ"
1448,"CUST_242","Beauty","Moisturizer",1,207.62,207.62,"2024-09-05",20,"Chicago","IL"
1449,"CUST_341","Sports","Dumbbells",2,386.05,772.1,"2024-10-20",21,"New York","NY"
1450,"CUST_461","Books","Biography",4,439.46,1757.84,"2024-10-01",71,"Miami","FL"
1451,"CUST_047","Electronics","Tablet",1,163.01,163.01,"2024-01-20",74,"Denver","CO"
1452,"CUST_014","Home & Garden","Vacuum",4,402.84,1611.36,"2024-12-19",21,"Miami","FL"
1453,"CUST_254","Toys","Board Game",5,82.95,414.75,"2024-12-02",71,"San Francisco","CA"
1454,"CUST_289","Home & Garden","Coffee Maker",1,404.16,404.16,"2024-04-01",45,"Austin","TX"
1455,"CUST_085","Electronics","Smart Watch",2,391.92,783.84,"2024-02-25",77,"Phoenix","AZ"
1456,"CUST_023","Clothing","T-Shirt",3,152.81,458.43,"2024-09-04",36,"New York","NY"
1457,"CUST_453","Toys","Action Figure",2,401.63,803.26,"2024-01-14",27,"Phoenix","AZ"
1458,"CUST_384","Sports","Running Shoes",3,428.97,1286.91,"2024-06-12",56,"Portland","OR"
1459,"CUST_109","Sports","Dumbbells",1,238.23,238.23,"2024-07-21",59,"Seattle","WA"
1460,"CUST_439","Electronics","Camera",1,228.47,228.47,"2024-02-08",75,"New York","NY"
1461,"CUST_419","Clothing","Sweater",5,174.76,873.8,"2024-10-11",35,"Portland","OR"
1462,"CUST_263","Clothing","Hat",2,201.53,403.06,"2024-12-25",62,"Denver","CO"
1463,"CUST_153","Home & Garden","Plant Pot",5,262.78,1313.9,"2024-05-18",28,"Phoenix","AZ"
1464,"CUST_297","Sports","Yoga Mat",4,450.48,1801.92,"2024-07-22",22,"Portland","OR"
1465,"CUST_469","Sports","Tennis Racket",1,328.28,328.28,"2024-12-24",32,"Seattle","WA"
1466,"CUST_359","Sports","Running Shoes",3,96.71,290.13,"2024-10-24",42,"Seattle","WA"
1467,"CUST_092","Electronics","Smartphone",2,376.94,753.88,"2024-06-01",55,"Phoenix","AZ"
1468,"CUST_345","Books","Novel",5,289.88,1449.4,"2024-02-15",60,"Phoenix","AZ"
1469,"CUST_230","Sports","Tennis Racket",1,200.35,200.35,"2024-01-23",44,"Miami","FL"
1470,"CUST_155","Toys","Doll",3,440.62,1321.86,"2024-04-01",46,"San Francisco","CA"
1471,"CUST_294","Beauty","Moisturizer",5,298,1490,"2024-10-15",58,"Phoenix","AZ"
1472,"CUST_477","Beauty","Face Mask",3,114.5,343.5,"2024-09-26",42,"Chicago","IL"
1473,"CUST_217","Clothing","Sweater",1,69.61,69.61,"2024-06-14",74,"Boston","MA"
1474,"CUST_208","Beauty","Moisturizer",5,84.27,421.35,"2024-03-11",20,"Phoenix","AZ"
1475,"CUST_083","Automotive","Car Charger",5,132.71,663.55,"2024-05-08",33,"Miami","FL"
1476,"CUST_172","Toys","Board Game",4,506.33,2025.32,"2024-02-21",70,"New York","NY"
1477,"CUST_184","Beauty","Shampoo",4,70.19,280.76,"2024-04-23",24,"Phoenix","AZ"
1478,"CUST_059","Sports","Running Shoes",4,66.86,267.44,"2024-04-21",63,"Austin","TX"
1479,"CUST_379","Home & Garden","Coffee Maker",2,441.06,882.12,"2024-12-01",27,"San Francisco","CA"
1480,"CUST_349","Electronics","Camera",2,131.42,262.84,"2024-08-10",37,"Denver","CO"
1481,"CUST_241","Automotive","Car Charger",3,61.84,185.52,"2024-08-14",66,"Denver","CO"
1482,"CUST_185","Toys","Board Game",2,366.79,733.58,"2024-06-13",54,"Chicago","IL"
1483,"CUST_349","Clothing","Shoes",1,286.51,286.51,"2024-09-22",76,"Austin","TX"
1484,"CUST_035","Home & Garden","Plant Pot",5,492.23,2461.15,"2024-06-22",31,"Chicago","IL"
1485,"CUST_125","Books","JavaScript Guide",4,234.99,939.96,"2024-06-09",73,"Miami","FL"
1486,"CUST_226","Sports","Tennis Racket",2,74.57,149.14,"2024-03-13",49,"Austin","TX"
1487,"CUST_126","Sports","Basketball",1,345.89,345.89,"2024-04-28",61,"Boston","MA"
1488,"CUST_004","Beauty","Lipstick",3,276.42,829.26,"2024-02-24",35,"Phoenix","AZ"
1489,"CUST_499","Automotive","Car Phone Mount",3,444.79,1334.37,"2024-01-04",53,"Phoenix","AZ"
1490,"CUST_350","Sports","Basketball",2,343.14,686.28,"2024-02-07",19,"Chicago","IL"
1491,"CUST_225","Toys","Puzzle",1,226.89,226.89,"2024-11-02",56,"Chicago","IL"
1492,"CUST_335","Clothing","Sweater",1,504.5,504.5,"2024-03-08",67,"Phoenix","AZ"
1493,"CUST_277","Books","JavaScript Guide",1,146.51,146.51,"2024-06-25",73,"Boston","MA"
1494,"CUST_139","Sports","Basketball",4,299.26,1197.04,"2024-04-18",63,"Austin","TX"
1495,"CUST_470","Beauty","Shampoo",2,372.99,745.98,"2024-10-01",31,"Miami","FL"
1496,"CUST_479","Sports","Yoga Mat",2,305.93,611.86,"2024-01-17",31,"New York","NY"
1497,"CUST_293","Beauty","Perfume",2,276.26,552.52,"2024-11-22",58,"Phoenix","AZ"
1498,"CUST_422","Toys","LEGO Set",3,22.9,68.7,"2024-12-16",19,"Boston","MA"
1499,"CUST_407","Beauty","Face Mask",4,138.24,552.96,"2024-11-23",74,"Phoenix","AZ"
1500,"CUST_299","Books","Biography",3,227.21,681.63,"2024-05-17",46,"New York","NY"
1501,"CUST_442","Home & Garden","Vacuum",3,374.58,1123.74,"2024-05-05",67,"Boston","MA"
1502,"CUST_365","Books","Cookbook",5,302.98,1514.9,"2024-07-17",63,"Seattle","WA"
1503,"CUST_228","Automotive","Car Charger",3,11.32,33.96,"2024-03-02",54,"Chicago","IL"
1504,"CUST_297","Beauty","Shampoo",5,12.89,64.45,"2024-07-19",50,"Austin","TX"
1505,"CUST_206","Electronics","Laptop",1,99.92,99.92,"2024-03-10",39,"Denver","CO"
1506,"CUST_435","Books","Novel",3,282.2,846.6,"2024-02-14",38,"Phoenix","AZ"
1507,"CUST_359","Books","Cookbook",4,149.59,598.36,"2024-12-01",44,"Chicago","IL"
1508,"CUST_116","Sports","Basketball",1,370.02,370.02,"2024-10-07",45,"Portland","OR"
1509,"CUST_106","Toys","Puzzle",5,453.23,2266.15,"2024-10-24",28,"Miami","FL"
1510,"CUST_341","Toys","Action Figure",2,499.29,998.58,"2024-07-05",61,"San Francisco","CA"
1511,"CUST_285","Books","JavaScript Guide",5,73.89,369.45,"2024-07-26",60,"Denver","CO"
1512,"CUST_281","Electronics","Smart Watch",3,257.21,771.63,"2024-04-10",69,"Denver","CO"
1513,"CUST_467","Electronics","Camera",4,33.03,132.12,"2024-03-21",24,"Phoenix","AZ"
1514,"CUST_397","Home & Garden","Blender",5,449.34,2246.7,"2024-12-26",23,"Chicago","IL"
1515,"CUST_203","Beauty","Moisturizer",4,497.83,1991.32,"2024-09-14",53,"Miami","FL"
1516,"CUST_297","Books","JavaScript Guide",1,281.26,281.26,"2024-03-24",50,"New York","NY"
1517,"CUST_450","Books","Novel",5,13.12,65.6,"2024-02-27",26,"Portland","OR"
1518,"CUST_109","Home & Garden","Blender",4,352.49,1409.96,"2024-01-08",26,"Boston","MA"
1519,"CUST_382","Clothing","Dress",2,118.07,236.14,"2024-07-10",72,"Seattle","WA"
1520,"CUST_158","Books","Novel",5,443.76,2218.8,"2024-03-02",19,"Miami","FL"
1521,"CUST_324","Home & Garden","Vacuum",5,63.35,316.75,"2024-07-02",35,"San Francisco","CA"
1522,"CUST_068","Clothing","T-Shirt",1,113.39,113.39,"2024-02-11",56,"Seattle","WA"
1523,"CUST_008","Books","Biography",3,323.33,969.99,"2024-02-24",31,"Portland","OR"
1524,"CUST_099","Automotive","Air Freshener",4,120.1,480.4,"2024-02-03",59,"New York","NY"
1525,"CUST_119","Beauty","Shampoo",4,350.6,1402.4,"2024-01-04",54,"Denver","CO"
1526,"CUST_183","Clothing","Shoes",5,454.81,2274.05,"2024-07-11",76,"Boston","MA"
1527,"CUST_173","Beauty","Face Mask",3,49.5,148.5,"2024-10-09",63,"Phoenix","AZ"
1528,"CUST_498","Books","Biography",5,139.53,697.65,"2024-06-19",18,"Austin","TX"
1529,"CUST_240","Automotive","Air Freshener",3,134.23,402.69,"2024-05-12",61,"Seattle","WA"
1530,"CUST_274","Home & Garden","Plant Pot",2,54.82,109.64,"2024-11-07",66,"Chicago","IL"
1531,"CUST_290","Toys","Action Figure",2,57.14,114.28,"2024-03-25",21,"Phoenix","AZ"
1532,"CUST_131","Books","Biography",2,121.41,242.82,"2024-06-17",25,"Portland","OR"
1533,"CUST_448","Toys","Action Figure",4,121.49,485.96,"2024-06-02",42,"Boston","MA"
1534,"CUST_174","Sports","Basketball",5,208.84,1044.2,"2024-10-23",40,"Boston","MA"
1535,"CUST_235","Toys","LEGO Set",3,434.95,1304.85,"2024-01-19",33,"Austin","TX"
1536,"CUST_115","Electronics","Headphones",2,364.14,728.28,"2024-07-19",57,"Boston","MA"
1537,"CUST_154","Books","Novel",4,227.87,911.48,"2024-11-08",52,"New York","NY"
1538,"CUST_034","Automotive","Floor Mats",2,302.25,604.5,"2024-11-13",59,"Chicago","IL"
1539,"CUST_093","Home & Garden","Plant Pot",4,509.57,2038.28,"2024-11-28",65,"Denver","CO"
1540,"CUST_027","Sports","Running Shoes",1,217.65,217.65,"2024-02-18",41,"New York","NY"
1541,"CUST_423","Toys","Doll",1,208.44,208.44,"2024-06-08",22,"Seattle","WA"
1542,"CUST_007","Automotive","Car Phone Mount",1,379.16,379.16,"2024-03-16",21,"Miami","FL"
1543,"CUST_031","Beauty","Face Mask",3,139.02,417.06,"2024-03-01",50,"Denver","CO"
1544,"CUST_017","Clothing","Hat",4,369.73,1478.92,"2024-06-25",39,"Chicago","IL"
1545,"CUST_009","Books","JavaScript Guide",3,394.29,1182.87,"2024-08-03",60,"San Francisco","CA"
1546,"CUST_042","Beauty","Lipstick",3,128.12,384.36,"2024-08-08",23,"New York","NY"
1547,"CUST_056","Automotive","Floor Mats",1,172.01,172.01,"2024-04-14",28,"Seattle","WA"
1548,"CUST_346","Books","JavaScript Guide",3,342.04,1026.12,"2024-05-19",58,"Austin","TX"
1549,"CUST_412","Clothing","Sweater",2,479.38,958.76,"2024-03-12",63,"Miami","FL"
1550,"CUST_091","Beauty","Shampoo",5,22.61,113.05,"2024-08-15",22,"Portland","OR"
1551,"CUST_076","Electronics","Laptop",4,508.88,2035.52,"2024-10-10",35,"Seattle","WA"
1552,"CUST_344","Sports","Dumbbells",4,258.73,1034.92,"2024-06-27",74,"Denver","CO"
1553,"CUST_117","Sports","Yoga Mat",1,175.41,175.41,"2024-01-26",38,"Chicago","IL"
1554,"CUST_284","Home & Garden","Coffee Maker",3,333.73,1001.19,"2024-03-26",45,"New York","NY"
1555,"CUST_454","Home & Garden","Vacuum",5,92.63,463.15,"2024-05-19",66,"Denver","CO"
1556,"CUST_188","Sports","Dumbbells",1,189.12,189.12,"2024-03-09",62,"Portland","OR"
1557,"CUST_228","Books","Biography",3,250.55,751.65,"2024-05-17",70,"Chicago","IL"
1558,"CUST_060","Books","Novel",3,333.35,1000.05,"2024-01-21",43,"Phoenix","AZ"
1559,"CUST_474","Beauty","Moisturizer",2,101.44,202.88,"2024-05-07",62,"Boston","MA"
1560,"CUST_258","Books","Cookbook",3,72.01,216.03,"2024-03-13",31,"San Francisco","CA"
1561,"CUST_444","Clothing","Jeans",4,316.86,1267.44,"2024-08-21",39,"New York","NY"
1562,"CUST_339","Clothing","Dress",3,248.84,746.52,"2024-08-26",56,"Portland","OR"
1563,"CUST_248","Home & Garden","Vacuum",4,137.3,549.2,"2024-03-24",64,"Miami","FL"
1564,"CUST_278","Home & Garden","Coffee Maker",1,319.92,319.92,"2024-05-19",56,"Miami","FL"
1565,"CUST_280","Sports","Dumbbells",4,509.88,2039.52,"2024-04-22",18,"Seattle","WA"
1566,"CUST_052","Electronics","Smart Watch",5,261.23,1306.15,"2024-07-07",52,"San Francisco","CA"
1567,"CUST_296","Automotive","Car Charger",2,61.22,122.44,"2024-05-26",51,"Denver","CO"
1568,"CUST_126","Clothing","Shoes",1,506.89,506.89,"2024-09-03",56,"Austin","TX"
1569,"CUST_213","Electronics","Laptop",4,109.48,437.92,"2024-04-04",45,"Denver","CO"
1570,"CUST_210","Beauty","Shampoo",4,299.49,1197.96,"2024-05-18",40,"Chicago","IL"
1571,"CUST_170","Home & Garden","Blender",3,42.73,128.19,"2024-01-15",71,"Phoenix","AZ"
1572,"CUST_296","Toys","Doll",2,419.62,839.24,"2024-03-02",26,"Chicago","IL"
1573,"CUST_454","Electronics","Camera",4,296.6,1186.4,"2024-11-04",39,"Denver","CO"
1574,"CUST_416","Sports","Yoga Mat",5,127.33,636.65,"2024-12-25",72,"Austin","TX"
1575,"CUST_097","Clothing","Shoes",1,431.93,431.93,"2024-04-07",18,"Miami","FL"
1576,"CUST_197","Sports","Running Shoes",1,440.5,440.5,"2024-09-18",43,"Denver","CO"
1577,"CUST_291","Home & Garden","Blender",4,67.53,270.12,"2024-03-28",59,"New York","NY"
1578,"CUST_020","Clothing","Dress",2,90.39,180.78,"2024-12-03",71,"San Francisco","CA"
1579,"CUST_436","Clothing","Shoes",3,170.72,512.16,"2024-10-13",26,"San Francisco","CA"
1580,"CUST_261","Automotive","Floor Mats",4,254.85,1019.4,"2024-09-14",23,"Seattle","WA"
1581,"CUST_004","Home & Garden","Lamp",3,71.11,213.33,"2024-02-26",77,"New York","NY"
1582,"CUST_141","Electronics","Laptop",1,215.92,215.92,"2024-04-09",52,"San Francisco","CA"
1583,"CUST_464","Automotive","Car Charger",5,75.61,378.05,"2024-04-11",52,"Austin","TX"
1584,"CUST_221","Toys","Doll",3,226.18,678.54,"2024-12-25",77,"Portland","OR"
1585,"CUST_218","Beauty","Shampoo",5,171.67,858.35,"2024-07-24",35,"Phoenix","AZ"
1586,"CUST_213","Automotive","Floor Mats",5,27.2,136,"2024-02-04",38,"Phoenix","AZ"
1587,"CUST_095","Beauty","Face Mask",5,273.47,1367.35,"2024-07-13",35,"Miami","FL"
1588,"CUST_075","Automotive","Floor Mats",4,91.22,364.88,"2024-11-11",51,"Denver","CO"
1589,"CUST_325","Clothing","T-Shirt",3,54.52,163.56,"2024-12-04",75,"Denver","CO"
1590,"CUST_282","Toys","LEGO Set",4,376.41,1505.64,"2024-10-17",44,"San Francisco","CA"
1591,"CUST_333","Toys","LEGO Set",1,495.02,495.02,"2024-09-13",46,"Denver","CO"
1592,"CUST_185","Sports","Basketball",1,367.79,367.79,"2024-08-23",24,"Phoenix","AZ"
1593,"CUST_427","Electronics","Smart Watch",1,37.31,37.31,"2024-03-05",38,"Denver","CO"
1594,"CUST_080","Home & Garden","Lamp",4,498.62,1994.48,"2024-10-19",19,"Boston","MA"
1595,"CUST_240","Beauty","Moisturizer",3,507,1521,"2024-03-22",64,"San Francisco","CA"
1596,"CUST_348","Beauty","Lipstick",5,181.62,908.1,"2024-03-08",37,"Portland","OR"
1597,"CUST_249","Books","JavaScript Guide",1,62.59,62.59,"2024-02-19",40,"Denver","CO"
1598,"CUST_361","Books","Data Science Handbook",3,154.53,463.59,"2024-11-09",42,"New York","NY"
1599,"CUST_423","Electronics","Smart Watch",3,351.67,1055.01,"2024-08-14",23,"Seattle","WA"
1600,"CUST_105","Automotive","Car Phone Mount",4,407.09,1628.36,"2024-10-15",46,"San Francisco","CA"
1601,"CUST_413","Books","Novel",4,259.76,1039.04,"2024-05-22",71,"Phoenix","AZ"
1602,"CUST_072","Clothing","Hat",3,16.39,49.17,"2024-05-08",53,"Phoenix","AZ"
1603,"CUST_174","Home & Garden","Lamp",5,478.85,2394.25,"2024-08-14",36,"Seattle","WA"
1604,"CUST_293","Books","JavaScript Guide",3,277.58,832.74,"2024-03-01",66,"Chicago","IL"
1605,"CUST_209","Toys","Board Game",4,298.5,1194,"2024-07-22",70,"San Francisco","CA"
1606,"CUST_413","Clothing","Dress",5,504.6,2523,"2024-01-11",49,"Chicago","IL"
1607,"CUST_419","Electronics","Camera",5,368.84,1844.2,"2024-03-07",65,"Seattle","WA"
1608,"CUST_373","Beauty","Shampoo",5,222.98,1114.9,"2024-03-13",32,"Denver","CO"
1609,"CUST_388","Books","Biography",4,28.79,115.16,"2024-03-10",19,"Miami","FL"
1610,"CUST_265","Home & Garden","Coffee Maker",1,461.6,461.6,"2024-07-16",32,"Seattle","WA"
1611,"CUST_426","Clothing","Hat",2,452.85,905.7,"2024-11-23",28,"Portland","OR"
1612,"CUST_014","Beauty","Perfume",2,393.22,786.44,"2024-10-03",75,"Austin","TX"
1613,"CUST_248","Beauty","Face Mask",3,180.05,540.15,"2024-03-06",60,"Miami","FL"
1614,"CUST_485","Books","Cookbook",3,352.22,1056.66,"2024-10-12",22,"Phoenix","AZ"
1615,"CUST_195","Home & Garden","Coffee Maker",4,140.17,560.68,"2024-11-02",57,"Chicago","IL"
1616,"CUST_380","Home & Garden","Plant Pot",3,10.79,32.37,"2024-03-16",56,"Austin","TX"
1617,"CUST_023","Sports","Dumbbells",5,270.97,1354.85,"2024-05-13",52,"Denver","CO"
1618,"CUST_025","Beauty","Perfume",3,461.38,1384.14,"2024-01-15",46,"New York","NY"
1619,"CUST_386","Automotive","Car Charger",1,186.88,186.88,"2024-01-12",57,"Miami","FL"
1620,"CUST_101","Electronics","Smartphone",1,12.14,12.14,"2024-06-03",70,"San Francisco","CA"
1621,"CUST_066","Home & Garden","Blender",4,382.19,1528.76,"2024-04-20",33,"Denver","CO"
1622,"CUST_342","Clothing","Dress",5,349.13,1745.65,"2024-11-04",72,"Portland","OR"
1623,"CUST_210","Toys","Doll",5,305.75,1528.75,"2024-12-28",72,"Miami","FL"
1624,"CUST_441","Electronics","Smartphone",2,492.05,984.1,"2024-04-28",55,"Chicago","IL"
1625,"CUST_433","Clothing","Shoes",5,499.49,2497.45,"2024-06-05",37,"Seattle","WA"
1626,"CUST_401","Toys","Action Figure",4,184.74,738.96,"2024-02-24",29,"Seattle","WA"
1627,"CUST_166","Toys","Puzzle",5,337.52,1687.6,"2024-09-01",67,"Portland","OR"
1628,"CUST_441","Automotive","Car Charger",5,366.16,1830.8,"2024-12-11",42,"Phoenix","AZ"
1629,"CUST_282","Books","Novel",2,202.73,405.46,"2024-03-15",40,"Portland","OR"
1630,"CUST_116","Electronics","Smart Watch",2,439.39,878.78,"2024-05-06",68,"Austin","TX"
1631,"CUST_424","Books","Biography",2,42.86,85.72,"2024-11-18",66,"Boston","MA"
1632,"CUST_232","Electronics","Smart Watch",2,140.43,280.86,"2024-09-23",47,"Boston","MA"
1633,"CUST_171","Home & Garden","Vacuum",1,104.84,104.84,"2024-02-11",58,"Austin","TX"
1634,"CUST_204","Toys","Doll",1,211.85,211.85,"2024-09-24",58,"Miami","FL"
1635,"CUST_495","Sports","Yoga Mat",3,254.44,763.32,"2024-07-05",63,"Phoenix","AZ"
1636,"CUST_357","Beauty","Shampoo",4,322.1,1288.4,"2024-05-20",70,"Chicago","IL"
1637,"CUST_025","Sports","Basketball",3,448.05,1344.15,"2024-09-14",59,"Austin","TX"
1638,"CUST_260","Electronics","Laptop",5,449.14,2245.7,"2024-12-16",75,"Boston","MA"
1639,"CUST_234","Books","JavaScript Guide",4,346.26,1385.04,"2024-10-13",40,"Miami","FL"
1640,"CUST_262","Clothing","Dress",5,272.38,1361.9,"2024-06-13",41,"San Francisco","CA"
1641,"CUST_095","Automotive","Car Charger",2,52.1,104.2,"2024-12-13",56,"Denver","CO"
1642,"CUST_206","Sports","Basketball",5,270.64,1353.2,"2024-06-20",59,"Portland","OR"
1643,"CUST_082","Sports","Basketball",4,329.74,1318.96,"2024-07-05",59,"Phoenix","AZ"
1644,"CUST_085","Automotive","Floor Mats",1,469.76,469.76,"2024-01-05",22,"Boston","MA"
1645,"CUST_359","Beauty","Face Mask",5,409.83,2049.15,"2024-02-19",50,"Austin","TX"
1646,"CUST_035","Beauty","Perfume",5,36.88,184.4,"2024-10-28",74,"Austin","TX"
1647,"CUST_368","Beauty","Shampoo",1,345.3,345.3,"2024-01-16",25,"Boston","MA"
1648,"CUST_004","Beauty","Face Mask",3,301.09,903.27,"2024-02-04",71,"Austin","TX"
1649,"CUST_301","Clothing","Dress",1,243.06,243.06,"2024-10-03",57,"Chicago","IL"
1650,"CUST_217","Electronics","Laptop",2,123.39,246.78,"2024-05-05",70,"Phoenix","AZ"
1651,"CUST_296","Beauty","Lipstick",5,322.37,1611.85,"2024-03-16",45,"Austin","TX"
1652,"CUST_343","Beauty","Moisturizer",3,285.65,856.95,"2024-07-19",77,"San Francisco","CA"
1653,"CUST_425","Home & Garden","Blender",3,303.06,909.18,"2024-04-27",21,"New York","NY"
1654,"CUST_112","Sports","Yoga Mat",1,149.1,149.1,"2024-10-05",20,"Phoenix","AZ"
1655,"CUST_056","Clothing","Hat",5,453.21,2266.05,"2024-09-26",47,"Seattle","WA"
1656,"CUST_224","Clothing","Shoes",1,435.02,435.02,"2024-10-08",65,"New York","NY"
1657,"CUST_326","Sports","Dumbbells",4,17.88,71.52,"2024-05-14",44,"Phoenix","AZ"
1658,"CUST_360","Books","Data Science Handbook",3,62.21,186.63,"2024-12-16",74,"Seattle","WA"
1659,"CUST_032","Toys","Board Game",5,362.57,1812.85,"2024-11-11",44,"Seattle","WA"
1660,"CUST_246","Electronics","Headphones",3,317.03,951.09,"2024-09-23",75,"Chicago","IL"
1661,"CUST_483","Electronics","Smart Watch",2,369.73,739.46,"2024-06-17",56,"New York","NY"
1662,"CUST_462","Sports","Yoga Mat",2,148.45,296.9,"2024-05-21",48,"Chicago","IL"
1663,"CUST_343","Home & Garden","Lamp",4,320.92,1283.68,"2024-12-02",64,"Boston","MA"
1664,"CUST_479","Clothing","Dress",1,338.44,338.44,"2024-08-06",71,"New York","NY"
1665,"CUST_390","Toys","LEGO Set",2,148.89,297.78,"2024-08-22",22,"Denver","CO"
1666,"CUST_097","Automotive","Floor Mats",2,427.39,854.78,"2024-08-08",76,"Seattle","WA"
1667,"CUST_027","Beauty","Lipstick",3,464.4,1393.2,"2024-08-08",76,"Phoenix","AZ"
1668,"CUST_123","Clothing","Sweater",5,63.24,316.2,"2024-09-04",68,"Austin","TX"
1669,"CUST_158","Automotive","Floor Mats",5,188.69,943.45,"2024-12-18",72,"Portland","OR"
1670,"CUST_051","Sports","Running Shoes",5,310.38,1551.9,"2024-01-19",47,"Chicago","IL"
1671,"CUST_246","Clothing","Jeans",5,108.09,540.45,"2024-08-07",30,"New York","NY"
1672,"CUST_226","Home & Garden","Blender",5,175.02,875.1,"2024-03-24",73,"Miami","FL"
1673,"CUST_203","Books","Data Science Handbook",1,447.11,447.11,"2024-02-15",61,"Boston","MA"
1674,"CUST_227","Toys","Board Game",2,477.59,955.18,"2024-05-26",29,"Seattle","WA"
1675,"CUST_377","Beauty","Lipstick",1,248.81,248.81,"2024-12-18",60,"Chicago","IL"
1676,"CUST_144","Beauty","Lipstick",2,248.49,496.98,"2024-04-20",59,"Chicago","IL"
1677,"CUST_452","Beauty","Shampoo",5,433.85,2169.25,"2024-05-13",22,"Chicago","IL"
1678,"CUST_332","Electronics","Smart Watch",4,67.64,270.56,"2024-06-06",53,"San Francisco","CA"
1679,"CUST_335","Electronics","Smartphone",5,219.86,1099.3,"2024-08-10",49,"Austin","TX"
1680,"CUST_479","Sports","Yoga Mat",1,257.62,257.62,"2024-05-11",76,"San Francisco","CA"
1681,"CUST_127","Automotive","Floor Mats",1,508.22,508.22,"2024-07-19",31,"Seattle","WA"
1682,"CUST_352","Sports","Dumbbells",2,250.1,500.2,"2024-12-12",30,"Phoenix","AZ"
1683,"CUST_118","Books","Biography",3,118.07,354.21,"2024-05-25",27,"Portland","OR"
1684,"CUST_469","Home & Garden","Blender",4,25.07,100.28,"2024-11-04",46,"Seattle","WA"
1685,"CUST_279","Home & Garden","Blender",3,28.59,85.77,"2024-10-13",77,"San Francisco","CA"
1686,"CUST_191","Home & Garden","Lamp",2,267.36,534.72,"2024-06-28",62,"Boston","MA"
1687,"CUST_041","Electronics","Camera",5,353.98,1769.9,"2024-07-27",67,"New York","NY"
1688,"CUST_217","Electronics","Headphones",1,262.17,262.17,"2024-12-07",44,"Portland","OR"
1689,"CUST_113","Toys","Board Game",5,427.86,2139.3,"2024-09-11",77,"Miami","FL"
1690,"CUST_056","Automotive","Car Charger",4,47.79,191.16,"2024-01-19",65,"Chicago","IL"
1691,"CUST_273","Electronics","Smartphone",5,269.26,1346.3,"2024-05-23",49,"New York","NY"
1692,"CUST_469","Clothing","T-Shirt",3,281.3,843.9,"2024-01-10",49,"San Francisco","CA"
1693,"CUST_106","Beauty","Lipstick",5,151.85,759.25,"2024-04-22",59,"New York","NY"
1694,"CUST_150","Home & Garden","Blender",2,377.87,755.74,"2024-02-28",56,"Boston","MA"
1695,"CUST_106","Sports","Tennis Racket",3,36.7,110.1,"2024-01-12",48,"Portland","OR"
1696,"CUST_008","Home & Garden","Coffee Maker",1,105.93,105.93,"2024-05-15",53,"Phoenix","AZ"
1697,"CUST_106","Clothing","Shoes",4,37.43,149.72,"2024-11-09",76,"New York","NY"
1698,"CUST_325","Clothing","Hat",1,242.67,242.67,"2024-09-15",57,"Austin","TX"
1699,"CUST_379","Clothing","Shoes",5,345.58,1727.9,"2024-12-23",24,"Portland","OR"
1700,"CUST_377","Beauty","Perfume",2,153.85,307.7,"2024-09-23",52,"Austin","TX"
1701,"CUST_176","Home & Garden","Lamp",4,302.79,1211.16,"2024-11-20",55,"Denver","CO"
1702,"CUST_426","Home & Garden","Plant Pot",2,112.21,224.42,"2024-04-05",70,"Portland","OR"
1703,"CUST_125","Electronics","Camera",3,90.12,270.36,"2024-07-23",31,"Austin","TX"
1704,"CUST_180","Clothing","Dress",1,472.42,472.42,"2024-07-03",58,"Chicago","IL"
1705,"CUST_194","Home & Garden","Coffee Maker",1,181.86,181.86,"2024-07-12",69,"Boston","MA"
1706,"CUST_486","Automotive","Air Freshener",3,492.34,1477.02,"2024-03-10",61,"Phoenix","AZ"
1707,"CUST_006","Clothing","Sweater",1,206.06,206.06,"2024-10-23",75,"Denver","CO"
1708,"CUST_246","Sports","Yoga Mat",2,330.59,661.18,"2024-06-06",69,"Chicago","IL"
1709,"CUST_212","Beauty","Lipstick",1,287.59,287.59,"2024-04-01",31,"Austin","TX"
1710,"CUST_394","Electronics","Smartphone",3,509.05,1527.15,"2024-04-06",33,"San Francisco","CA"
1711,"CUST_150","Electronics","Headphones",2,267.19,534.38,"2024-05-10",39,"Chicago","IL"
1712,"CUST_014","Beauty","Perfume",3,17.57,52.71,"2024-01-27",76,"San Francisco","CA"
1713,"CUST_075","Books","JavaScript Guide",2,445.75,891.5,"2024-12-27",47,"Seattle","WA"
1714,"CUST_208","Home & Garden","Blender",4,485.14,1940.56,"2024-08-08",34,"San Francisco","CA"
1715,"CUST_287","Electronics","Headphones",5,364.03,1820.15,"2024-07-28",63,"Seattle","WA"
1716,"CUST_398","Sports","Yoga Mat",1,306.19,306.19,"2024-01-12",31,"Boston","MA"
1717,"CUST_397","Books","Data Science Handbook",1,370.14,370.14,"2024-10-14",33,"Seattle","WA"
1718,"CUST_261","Books","Cookbook",3,13.76,41.28,"2024-03-02",53,"Miami","FL"
1719,"CUST_305","Clothing","Sweater",4,194.58,778.32,"2024-01-19",18,"New York","NY"
1720,"CUST_409","Sports","Dumbbells",4,33.13,132.52,"2024-11-14",76,"San Francisco","CA"
1721,"CUST_354","Toys","Doll",1,328.14,328.14,"2024-04-21",44,"Austin","TX"
1722,"CUST_474","Beauty","Lipstick",5,32.33,161.65,"2024-09-13",74,"Chicago","IL"
1723,"CUST_368","Clothing","Jeans",3,118.97,356.91,"2024-07-11",51,"Portland","OR"
1724,"CUST_169","Toys","Board Game",5,248.25,1241.25,"2024-08-08",61,"San Francisco","CA"
1725,"CUST_003","Sports","Running Shoes",3,346.91,1040.73,"2024-01-24",37,"Miami","FL"
1726,"CUST_153","Electronics","Smartphone",2,319.04,638.08,"2024-03-23",50,"Seattle","WA"
1727,"CUST_148","Books","Cookbook",1,209.55,209.55,"2024-05-27",76,"Chicago","IL"
1728,"CUST_281","Beauty","Moisturizer",5,479.67,2398.35,"2024-06-04",75,"Seattle","WA"
1729,"CUST_469","Sports","Tennis Racket",2,24.89,49.78,"2024-07-13",77,"Seattle","WA"
1730,"CUST_387","Automotive","Car Phone Mount",1,232.45,232.45,"2024-01-16",33,"New York","NY"
1731,"CUST_278","Home & Garden","Coffee Maker",5,341.39,1706.95,"2024-09-02",71,"New York","NY"
1732,"CUST_397","Automotive","Air Freshener",1,213.47,213.47,"2024-07-16",69,"Austin","TX"
1733,"CUST_415","Books","Biography",1,349.09,349.09,"2024-12-10",38,"Portland","OR"
1734,"CUST_382","Toys","Action Figure",4,240.7,962.8,"2024-04-12",39,"Austin","TX"
1735,"CUST_389","Clothing","Hat",4,252.19,1008.76,"2024-10-11",32,"Seattle","WA"
1736,"CUST_180","Books","Data Science Handbook",5,177.72,888.6,"2024-12-28",26,"Portland","OR"
1737,"CUST_116","Clothing","Shoes",4,267.77,1071.08,"2024-06-20",51,"Denver","CO"
1738,"CUST_335","Home & Garden","Vacuum",3,420.97,1262.91,"2024-03-02",49,"Miami","FL"
1739,"CUST_096","Automotive","Car Phone Mount",4,204.69,818.76,"2024-07-07",50,"Boston","MA"
1740,"CUST_298","Home & Garden","Lamp",3,67.51,202.53,"2024-12-21",26,"Chicago","IL"
1741,"CUST_125","Home & Garden","Coffee Maker",4,297.93,1191.72,"2024-03-25",64,"Portland","OR"
1742,"CUST_071","Clothing","Hat",2,227.64,455.28,"2024-01-02",38,"Austin","TX"
1743,"CUST_293","Books","JavaScript Guide",5,487.01,2435.05,"2024-03-03",48,"Boston","MA"
1744,"CUST_145","Sports","Basketball",4,140.03,560.12,"2024-03-24",40,"New York","NY"
1745,"CUST_203","Automotive","Car Charger",3,236.84,710.52,"2024-10-27",31,"Portland","OR"
1746,"CUST_406","Beauty","Face Mask",2,128.02,256.04,"2024-01-12",32,"Miami","FL"
1747,"CUST_235","Sports","Basketball",3,111.69,335.07,"2024-12-15",74,"Denver","CO"
1748,"CUST_186","Beauty","Face Mask",3,310.1,930.3,"2024-08-01",33,"New York","NY"
1749,"CUST_176","Toys","LEGO Set",5,311.73,1558.65,"2024-12-26",33,"Boston","MA"
1750,"CUST_499","Clothing","Dress",5,35.4,177,"2024-02-13",33,"Austin","TX"
1751,"CUST_167","Books","Novel",1,299.19,299.19,"2024-04-07",32,"Portland","OR"
1752,"CUST_359","Home & Garden","Blender",5,505.41,2527.05,"2024-09-20",31,"Denver","CO"
1753,"CUST_178","Toys","Action Figure",2,138.55,277.1,"2024-01-01",48,"Miami","FL"
1754,"CUST_214","Toys","Puzzle",4,17.02,68.08,"2024-03-27",64,"New York","NY"
1755,"CUST_471","Electronics","Headphones",4,460.77,1843.08,"2024-10-15",39,"Denver","CO"
1756,"CUST_047","Toys","Puzzle",3,86.76,260.28,"2024-08-14",28,"Denver","CO"
1757,"CUST_435","Sports","Yoga Mat",1,11.66,11.66,"2024-10-07",37,"Portland","OR"
1758,"CUST_301","Electronics","Tablet",2,267.55,535.1,"2024-01-11",54,"Austin","TX"
1759,"CUST_176","Electronics","Smart Watch",1,14.85,14.85,"2024-11-09",46,"Boston","MA"
1760,"CUST_132","Beauty","Shampoo",2,319.67,639.34,"2024-07-08",18,"Boston","MA"
1761,"CUST_395","Clothing","Sweater",5,267.83,1339.15,"2024-08-09",38,"San Francisco","CA"
1762,"CUST_451","Books","Novel",1,408.68,408.68,"2024-06-23",52,"Miami","FL"
1763,"CUST_053","Toys","Board Game",3,29.1,87.3,"2024-11-01",57,"Denver","CO"
1764,"CUST_040","Automotive","Car Charger",4,490.11,1960.44,"2024-08-08",51,"Seattle","WA"
1765,"CUST_193","Sports","Basketball",2,10.58,21.16,"2024-03-11",36,"Portland","OR"
1766,"CUST_205","Sports","Basketball",2,109.15,218.3,"2024-02-26",43,"Chicago","IL"
1767,"CUST_317","Electronics","Tablet",5,390.83,1954.15,"2024-06-14",70,"Boston","MA"
1768,"CUST_295","Books","Cookbook",5,92.35,461.75,"2024-01-23",63,"Austin","TX"
1769,"CUST_423","Home & Garden","Blender",1,78.31,78.31,"2024-07-28",39,"Portland","OR"
1770,"CUST_475","Electronics","Smartphone",2,450.12,900.24,"2024-04-20",29,"Phoenix","AZ"
1771,"CUST_211","Clothing","Sweater",4,196.27,785.08,"2024-11-04",62,"Portland","OR"
1772,"CUST_258","Sports","Tennis Racket",2,442.19,884.38,"2024-04-10",70,"Phoenix","AZ"
1773,"CUST_093","Electronics","Smart Watch",4,192.89,771.56,"2024-04-06",40,"Chicago","IL"
1774,"CUST_110","Home & Garden","Plant Pot",3,204.12,612.36,"2024-10-07",61,"Portland","OR"
1775,"CUST_388","Sports","Basketball",4,29.77,119.08,"2024-08-06",53,"Boston","MA"
1776,"CUST_345","Sports","Running Shoes",2,505.1,1010.2,"2024-12-05",55,"New York","NY"
1777,"CUST_182","Sports","Tennis Racket",2,46.61,93.22,"2024-02-02",21,"New York","NY"
1778,"CUST_176","Clothing","Jeans",4,405.84,1623.36,"2024-04-08",35,"San Francisco","CA"
1779,"CUST_332","Home & Garden","Blender",4,130.01,520.04,"2024-03-14",27,"Austin","TX"
1780,"CUST_141","Electronics","Camera",2,472.33,944.66,"2024-06-28",34,"Portland","OR"
1781,"CUST_265","Electronics","Camera",2,394.16,788.32,"2024-08-09",52,"Boston","MA"
1782,"CUST_380","Clothing","Sweater",1,203.18,203.18,"2024-08-12",41,"Chicago","IL"
1783,"CUST_424","Books","Novel",5,188.38,941.9,"2024-07-16",32,"Phoenix","AZ"
1784,"CUST_221","Books","Data Science Handbook",4,161.86,647.44,"2024-08-24",73,"Chicago","IL"
1785,"CUST_397","Beauty","Moisturizer",3,398.53,1195.59,"2024-08-28",24,"Boston","MA"
1786,"CUST_166","Electronics","Smartphone",5,262.18,1310.9,"2024-01-28",45,"Phoenix","AZ"
1787,"CUST_456","Sports","Yoga Mat",5,263.84,1319.2,"2024-04-07",68,"Miami","FL"
1788,"CUST_099","Toys","Puzzle",4,71.67,286.68,"2024-01-18",45,"Denver","CO"
1789,"CUST_379","Electronics","Camera",5,489.27,2446.35,"2024-07-20",19,"Austin","TX"
1790,"CUST_392","Home & Garden","Coffee Maker",3,173.72,521.16,"2024-06-01",20,"New York","NY"
1791,"CUST_085","Clothing","Jeans",3,98.14,294.42,"2024-02-24",38,"Phoenix","AZ"
1792,"CUST_436","Automotive","Car Phone Mount",3,191.93,575.79,"2024-09-09",37,"Denver","CO"
1793,"CUST_313","Automotive","Floor Mats",3,409.46,1228.38,"2024-09-03",77,"San Francisco","CA"
1794,"CUST_288","Clothing","Hat",2,38.88,77.76,"2024-08-17",43,"Austin","TX"
1795,"CUST_017","Toys","Doll",5,476.89,2384.45,"2024-06-19",19,"Boston","MA"
1796,"CUST_224","Books","Cookbook",1,29.02,29.02,"2024-02-26",25,"Chicago","IL"
1797,"CUST_108","Home & Garden","Coffee Maker",5,100.95,504.75,"2024-11-27",37,"Boston","MA"
1798,"CUST_410","Beauty","Shampoo",3,16.42,49.26,"2024-11-25",22,"New York","NY"
1799,"CUST_181","Home & Garden","Coffee Maker",2,316.19,632.38,"2024-02-06",74,"Portland","OR"
1800,"CUST_459","Sports","Running Shoes",5,99.68,498.4,"2024-05-21",52,"Denver","CO"
1801,"CUST_056","Automotive","Car Charger",2,317.72,635.44,"2024-07-24",67,"Seattle","WA"
1802,"CUST_376","Sports","Basketball",1,263.13,263.13,"2024-08-05",35,"Austin","TX"
1803,"CUST_145","Electronics","Tablet",2,389.83,779.66,"2024-02-16",64,"Chicago","IL"
1804,"CUST_263","Beauty","Shampoo",3,178.52,535.56,"2024-08-19",58,"Miami","FL"
1805,"CUST_194","Electronics","Headphones",2,91.96,183.92,"2024-01-13",34,"Miami","FL"
1806,"CUST_102","Electronics","Smart Watch",5,84.64,423.2,"2024-01-08",55,"Phoenix","AZ"
1807,"CUST_322","Books","Novel",5,372.21,1861.05,"2024-04-07",34,"San Francisco","CA"
1808,"CUST_137","Toys","Board Game",3,405.76,1217.28,"2024-04-26",64,"Austin","TX"
1809,"CUST_300","Toys","LEGO Set",3,185.28,555.84,"2024-08-22",47,"Portland","OR"
1810,"CUST_251","Toys","Action Figure",3,502.51,1507.53,"2024-07-15",56,"Chicago","IL"
1811,"CUST_317","Automotive","Car Phone Mount",4,73.59,294.36,"2024-04-03",18,"Chicago","IL"
1812,"CUST_382","Books","Novel",2,294.58,589.16,"2024-06-02",60,"Boston","MA"
1813,"CUST_351","Sports","Running Shoes",1,493.26,493.26,"2024-08-02",77,"Austin","TX"
1814,"CUST_290","Home & Garden","Coffee Maker",1,462.29,462.29,"2024-07-24",19,"Chicago","IL"
1815,"CUST_428","Electronics","Tablet",1,188.98,188.98,"2024-09-10",66,"Boston","MA"
1816,"CUST_203","Electronics","Tablet",3,70.46,211.38,"2024-03-13",24,"Portland","OR"
1817,"CUST_454","Sports","Yoga Mat",3,221.27,663.81,"2024-07-10",67,"San Francisco","CA"
1818,"CUST_240","Automotive","Air Freshener",3,372.8,1118.4,"2024-06-22",19,"Chicago","IL"
1819,"CUST_394","Home & Garden","Blender",5,339.38,1696.9,"2024-11-27",23,"Portland","OR"
1820,"CUST_284","Sports","Dumbbells",3,391.42,1174.26,"2024-04-17",23,"Austin","TX"
1821,"CUST_429","Toys","LEGO Set",4,260.18,1040.72,"2024-02-15",53,"Chicago","IL"
1822,"CUST_214","Toys","Puzzle",5,365.5,1827.5,"2024-08-05",23,"Seattle","WA"
1823,"CUST_274","Automotive","Air Freshener",5,102.13,510.65,"2024-11-13",19,"Denver","CO"
1824,"CUST_452","Beauty","Face Mask",4,279.56,1118.24,"2024-06-13",23,"Boston","MA"
1825,"CUST_441","Home & Garden","Lamp",4,373.07,1492.28,"2024-02-04",25,"Boston","MA"
1826,"CUST_218","Home & Garden","Vacuum",2,93.98,187.96,"2024-10-22",22,"Phoenix","AZ"
1827,"CUST_357","Home & Garden","Blender",5,221.51,1107.55,"2024-10-17",34,"New York","NY"
1828,"CUST_056","Clothing","T-Shirt",4,313.97,1255.88,"2024-04-15",33,"Miami","FL"
1829,"CUST_277","Electronics","Laptop",3,391.23,1173.69,"2024-03-05",63,"Chicago","IL"
1830,"CUST_239","Sports","Running Shoes",4,220.87,883.48,"2024-03-20",61,"Portland","OR"
1831,"CUST_028","Beauty","Shampoo",2,396.15,792.3,"2024-11-09",31,"Miami","FL"
1832,"CUST_406","Electronics","Camera",5,222.55,1112.75,"2024-08-02",58,"Boston","MA"
1833,"CUST_308","Home & Garden","Blender",5,175.72,878.6,"2024-09-24",65,"Phoenix","AZ"
1834,"CUST_191","Automotive","Air Freshener",5,282.37,1411.85,"2024-06-11",26,"Miami","FL"
1835,"CUST_139","Clothing","Hat",1,150.25,150.25,"2024-05-25",28,"Seattle","WA"
1836,"CUST_371","Books","Novel",4,153.1,612.4,"2024-10-10",61,"New York","NY"
1837,"CUST_326","Electronics","Smart Watch",2,79.59,159.18,"2024-06-19",25,"Seattle","WA"
1838,"CUST_465","Books","JavaScript Guide",2,130.05,260.1,"2024-09-23",32,"Chicago","IL"
1839,"CUST_250","Automotive","Floor Mats",1,144.94,144.94,"2024-01-12",49,"Portland","OR"
1840,"CUST_085","Sports","Dumbbells",2,363.44,726.88,"2024-07-01",69,"Denver","CO"
1841,"CUST_114","Automotive","Floor Mats",1,26.48,26.48,"2024-04-21",58,"Denver","CO"
1842,"CUST_034","Home & Garden","Coffee Maker",5,152.43,762.15,"2024-08-11",31,"Boston","MA"
1843,"CUST_204","Beauty","Face Mask",5,268.79,1343.95,"2024-10-01",65,"New York","NY"
1844,"CUST_458","Clothing","Hat",3,13.2,39.6,"2024-11-17",61,"Boston","MA"
1845,"CUST_465","Sports","Dumbbells",4,419.76,1679.04,"2024-03-17",59,"Portland","OR"
1846,"CUST_118","Automotive","Car Charger",1,411.78,411.78,"2024-07-16",53,"Denver","CO"
1847,"CUST_075","Toys","Board Game",3,313.55,940.65,"2024-07-07",26,"Phoenix","AZ"
1848,"CUST_433","Automotive","Floor Mats",4,147.5,590,"2024-01-15",32,"Boston","MA"
1849,"CUST_202","Clothing","Sweater",2,318.27,636.54,"2024-07-10",45,"Boston","MA"
1850,"CUST_084","Sports","Yoga Mat",2,64.36,128.72,"2024-07-18",20,"San Francisco","CA"
1851,"CUST_462","Toys","Puzzle",1,68.17,68.17,"2024-08-14",37,"Seattle","WA"
1852,"CUST_150","Toys","LEGO Set",4,215.86,863.44,"2024-10-16",59,"Chicago","IL"
1853,"CUST_131","Home & Garden","Plant Pot",1,242.03,242.03,"2024-02-03",30,"Miami","FL"
1854,"CUST_261","Clothing","Shoes",1,97.35,97.35,"2024-05-15",30,"Phoenix","AZ"
1855,"CUST_151","Books","Cookbook",1,331.22,331.22,"2024-09-04",28,"San Francisco","CA"
1856,"CUST_256","Electronics","Camera",5,217.51,1087.55,"2024-01-25",68,"Austin","TX"
1857,"CUST_262","Electronics","Smartphone",2,382.66,765.32,"2024-10-16",56,"Miami","FL"
1858,"CUST_285","Electronics","Smart Watch",4,497.2,1988.8,"2024-12-23",24,"New York","NY"
1859,"CUST_161","Sports","Yoga Mat",1,28.28,28.28,"2024-05-27",40,"New York","NY"
1860,"CUST_105","Toys","Board Game",1,410.31,410.31,"2024-06-19",62,"San Francisco","CA"
1861,"CUST_399","Sports","Dumbbells",4,487.06,1948.24,"2024-04-13",46,"Chicago","IL"
1862,"CUST_097","Home & Garden","Coffee Maker",3,384.83,1154.49,"2024-06-21",38,"Boston","MA"
1863,"CUST_282","Electronics","Headphones",2,477.8,955.6,"2024-07-09",59,"Portland","OR"
1864,"CUST_219","Sports","Tennis Racket",3,182.62,547.86,"2024-01-22",22,"San Francisco","CA"
1865,"CUST_012","Home & Garden","Coffee Maker",1,489.1,489.1,"2024-11-06",19,"San Francisco","CA"
1866,"CUST_108","Toys","Doll",3,136.33,408.99,"2024-10-26",76,"Seattle","WA"
1867,"CUST_002","Home & Garden","Vacuum",4,134.68,538.72,"2024-10-01",27,"Seattle","WA"
1868,"CUST_303","Clothing","Jeans",5,368.35,1841.75,"2024-04-07",24,"San Francisco","CA"
1869,"CUST_098","Beauty","Lipstick",4,454.69,1818.76,"2024-02-10",20,"New York","NY"
1870,"CUST_425","Toys","Doll",2,177.68,355.36,"2024-04-02",67,"Portland","OR"
1871,"CUST_156","Clothing","T-Shirt",1,463.8,463.8,"2024-09-21",70,"New York","NY"
1872,"CUST_332","Electronics","Smartphone",4,349.92,1399.68,"2024-08-26",29,"Chicago","IL"
1873,"CUST_363","Home & Garden","Plant Pot",3,358.91,1076.73,"2024-09-04",40,"Denver","CO"
1874,"CUST_102","Books","Novel",2,386.24,772.48,"2024-07-07",75,"Denver","CO"
1875,"CUST_082","Home & Garden","Lamp",3,347.65,1042.95,"2024-08-04",33,"Phoenix","AZ"
1876,"CUST_277","Sports","Dumbbells",1,269.19,269.19,"2024-04-24",26,"Portland","OR"
1877,"CUST_077","Clothing","Jeans",1,44.12,44.12,"2024-01-25",49,"Portland","OR"
1878,"CUST_077","Beauty","Perfume",3,346.62,1039.86,"2024-09-15",26,"Boston","MA"
1879,"CUST_453","Toys","Puzzle",3,424.78,1274.34,"2024-01-10",64,"Chicago","IL"
1880,"CUST_071","Home & Garden","Plant Pot",4,284.43,1137.72,"2024-03-10",50,"San Francisco","CA"
1881,"CUST_199","Toys","Doll",2,170.5,341,"2024-01-14",56,"Phoenix","AZ"
1882,"CUST_371","Beauty","Perfume",5,108.57,542.85,"2024-07-13",30,"Chicago","IL"
1883,"CUST_096","Clothing","Sweater",1,350.31,350.31,"2024-03-10",43,"New York","NY"
1884,"CUST_390","Beauty","Moisturizer",3,26.48,79.44,"2024-08-04",54,"Phoenix","AZ"
1885,"CUST_189","Home & Garden","Lamp",5,106.54,532.7,"2024-10-23",51,"Austin","TX"
1886,"CUST_036","Books","JavaScript Guide",1,360.1,360.1,"2024-03-06",63,"Miami","FL"
1887,"CUST_374","Home & Garden","Coffee Maker",5,498.13,2490.65,"2024-02-02",40,"Seattle","WA"
1888,"CUST_050","Electronics","Tablet",5,200.9,1004.5,"2024-08-17",29,"Seattle","WA"
1889,"CUST_396","Toys","Board Game",3,395.83,1187.49,"2024-09-25",22,"Chicago","IL"
1890,"CUST_499","Beauty","Moisturizer",2,108.36,216.72,"2024-11-16",46,"Phoenix","AZ"
1891,"CUST_129","Home & Garden","Vacuum",2,147.38,294.76,"2024-10-03",72,"Denver","CO"
1892,"CUST_378","Sports","Yoga Mat",3,491.04,1473.12,"2024-10-19",60,"Miami","FL"
1893,"CUST_307","Beauty","Face Mask",3,86.76,260.28,"2024-04-22",71,"Miami","FL"
1894,"CUST_308","Clothing","Jeans",5,280.48,1402.4,"2024-04-08",21,"Chicago","IL"
1895,"CUST_286","Books","JavaScript Guide",1,205.49,205.49,"2024-05-17",77,"Denver","CO"
1896,"CUST_140","Clothing","Dress",2,437.49,874.98,"2024-03-04",66,"Boston","MA"
1897,"CUST_463","Electronics","Smartphone",3,161.49,484.47,"2024-12-05",57,"Miami","FL"
1898,"CUST_433","Automotive","Floor Mats",1,55.93,55.93,"2024-09-07",67,"Boston","MA"
1899,"CUST_428","Toys","LEGO Set",4,380.48,1521.92,"2024-05-15",57,"Portland","OR"
1900,"CUST_410","Electronics","Smart Watch",2,315.85,631.7,"2024-04-26",37,"Austin","TX"
1901,"CUST_290","Toys","Doll",5,108.32,541.6,"2024-06-04",37,"Portland","OR"
1902,"CUST_442","Beauty","Lipstick",3,308.69,926.07,"2024-02-18",40,"San Francisco","CA"
1903,"CUST_126","Home & Garden","Lamp",2,384.39,768.78,"2024-09-21",71,"Phoenix","AZ"
1904,"CUST_169","Beauty","Shampoo",2,481.38,962.76,"2024-10-12",71,"Denver","CO"
1905,"CUST_241","Electronics","Camera",3,467.65,1402.95,"2024-08-25",65,"Miami","FL"
1906,"CUST_214","Books","Cookbook",4,252.15,1008.6,"2024-06-12",55,"Denver","CO"
1907,"CUST_048","Books","JavaScript Guide",5,400.65,2003.25,"2024-03-27",26,"Phoenix","AZ"
1908,"CUST_279","Beauty","Perfume",2,299.44,598.88,"2024-01-23",63,"Phoenix","AZ"
1909,"CUST_215","Toys","Puzzle",5,67.72,338.6,"2024-05-05",59,"Phoenix","AZ"
1910,"CUST_276","Books","Data Science Handbook",4,304.12,1216.48,"2024-05-03",76,"Denver","CO"
1911,"CUST_313","Toys","Board Game",2,487.02,974.04,"2024-04-21",30,"Boston","MA"
1912,"CUST_263","Automotive","Floor Mats",1,100.63,100.63,"2024-07-02",37,"Portland","OR"
1913,"CUST_346","Electronics","Tablet",4,170.13,680.52,"2024-06-21",51,"Seattle","WA"
1914,"CUST_333","Automotive","Car Charger",5,168.86,844.3,"2024-10-24",77,"San Francisco","CA"
1915,"CUST_264","Toys","Puzzle",2,50.16,100.32,"2024-05-21",39,"Chicago","IL"
1916,"CUST_165","Sports","Basketball",5,286.3,1431.5,"2024-08-10",41,"Austin","TX"
1917,"CUST_069","Books","Biography",5,226.33,1131.65,"2024-08-06",38,"Miami","FL"
1918,"CUST_211","Clothing","T-Shirt",3,79.35,238.05,"2024-04-11",72,"San Francisco","CA"
1919,"CUST_498","Automotive","Floor Mats",3,170.73,512.19,"2024-02-07",21,"Boston","MA"
1920,"CUST_132","Electronics","Headphones",2,260.75,521.5,"2024-12-21",72,"Chicago","IL"
1921,"CUST_089","Automotive","Car Phone Mount",5,319.11,1595.55,"2024-05-06",38,"Boston","MA"
1922,"CUST_075","Electronics","Smartphone",1,257.11,257.11,"2024-08-28",73,"Phoenix","AZ"
1923,"CUST_158","Clothing","Sweater",4,496.8,1987.2,"2024-07-17",34,"Denver","CO"
1924,"CUST_071","Beauty","Lipstick",4,197.99,791.96,"2024-08-05",60,"Seattle","WA"
1925,"CUST_084","Electronics","Headphones",2,405.96,811.92,"2024-09-16",53,"Seattle","WA"
1926,"CUST_449","Electronics","Laptop",4,291.33,1165.32,"2024-10-14",34,"Portland","OR"
1927,"CUST_205","Beauty","Lipstick",1,153.05,153.05,"2024-05-20",33,"Denver","CO"
1928,"CUST_349","Automotive","Floor Mats",1,175.46,175.46,"2024-01-11",25,"Austin","TX"
1929,"CUST_275","Automotive","Air Freshener",4,404.12,1616.48,"2024-02-19",50,"Portland","OR"
1930,"CUST_470","Automotive","Air Freshener",1,299.42,299.42,"2024-05-03",56,"Chicago","IL"
1931,"CUST_230","Clothing","Hat",3,50,150,"2024-09-23",28,"Seattle","WA"
1932,"CUST_387","Beauty","Moisturizer",5,97.7,488.5,"2024-08-07",19,"Denver","CO"
1933,"CUST_113","Home & Garden","Plant Pot",2,239.04,478.08,"2024-02-14",60,"Seattle","WA"
1934,"CUST_112","Clothing","Jeans",2,489.03,978.06,"2024-09-17",54,"Denver","CO"
1935,"CUST_124","Automotive","Car Charger",1,462.46,462.46,"2024-06-25",34,"Miami","FL"
1936,"CUST_134","Home & Garden","Lamp",2,469.87,939.74,"2024-10-20",65,"Miami","FL"
1937,"CUST_289","Sports","Dumbbells",2,286.39,572.78,"2024-08-18",27,"New York","NY"
1938,"CUST_287","Clothing","Sweater",5,176.52,882.6,"2024-04-04",55,"Portland","OR"
1939,"CUST_050","Toys","LEGO Set",3,366.37,1099.11,"2024-10-05",18,"Boston","MA"
1940,"CUST_184","Books","Biography",5,152.18,760.9,"2024-03-08",57,"Portland","OR"
1941,"CUST_135","Toys","Puzzle",4,475,1900,"2024-03-03",30,"Denver","CO"
1942,"CUST_039","Clothing","Jeans",1,283.22,283.22,"2024-11-27",25,"Seattle","WA"
1943,"CUST_295","Beauty","Perfume",3,443.83,1331.49,"2024-11-14",33,"Denver","CO"
1944,"CUST_336","Home & Garden","Plant Pot",4,222.8,891.2,"2024-09-15",48,"Austin","TX"
1945,"CUST_244","Toys","Action Figure",1,233.48,233.48,"2024-04-08",25,"Denver","CO"
1946,"CUST_409","Books","Data Science Handbook",4,368.69,1474.76,"2024-01-19",70,"Portland","OR"
1947,"CUST_214","Books","Data Science Handbook",3,281.41,844.23,"2024-02-14",75,"Portland","OR"
1948,"CUST_438","Toys","Doll",3,193.4,580.2,"2024-12-08",38,"Boston","MA"
1949,"CUST_416","Clothing","Shoes",3,464.68,1394.04,"2024-03-10",33,"Austin","TX"
1950,"CUST_109","Home & Garden","Plant Pot",4,52.51,210.04,"2024-10-20",23,"Miami","FL"
1951,"CUST_219","Sports","Dumbbells",1,21.8,21.8,"2024-07-10",25,"New York","NY"
1952,"CUST_062","Toys","Board Game",3,252.7,758.1,"2024-03-18",33,"Denver","CO"
1953,"CUST_310","Automotive","Floor Mats",5,18.29,91.45,"2024-05-17",57,"Miami","FL"
1954,"CUST_007","Books","Cookbook",3,244.58,733.74,"2024-08-27",57,"Boston","MA"
1955,"CUST_486","Beauty","Perfume",2,86.98,173.96,"2024-11-11",30,"Denver","CO"
1956,"CUST_115","Books","Data Science Handbook",5,29.76,148.8,"2024-12-18",66,"Miami","FL"
1957,"CUST_297","Beauty","Lipstick",2,57.49,114.98,"2024-03-08",62,"Austin","TX"
1958,"CUST_450","Toys","Board Game",4,153.19,612.76,"2024-09-17",47,"Chicago","IL"
1959,"CUST_093","Clothing","Hat",1,218.6,218.6,"2024-03-16",74,"Austin","TX"
1960,"CUST_319","Sports","Tennis Racket",4,244.08,976.32,"2024-12-25",18,"Boston","MA"
1961,"CUST_186","Home & Garden","Vacuum",2,275.47,550.94,"2024-02-16",70,"San Francisco","CA"
1962,"CUST_112","Home & Garden","Blender",1,41.05,41.05,"2024-03-24",62,"Miami","FL"
1963,"CUST_223","Clothing","T-Shirt",2,414.92,829.84,"2024-07-14",53,"Portland","OR"
1964,"CUST_020","Electronics","Tablet",3,170.74,512.22,"2024-04-20",77,"New York","NY"
1965,"CUST_161","Books","Cookbook",5,211.13,1055.65,"2024-07-22",76,"Denver","CO"
1966,"CUST_075","Home & Garden","Lamp",5,202.91,1014.55,"2024-12-14",70,"Miami","FL"
1967,"CUST_403","Books","Novel",5,504.9,2524.5,"2024-02-13",28,"Seattle","WA"
1968,"CUST_014","Beauty","Lipstick",3,439.95,1319.85,"2024-06-11",59,"San Francisco","CA"
1969,"CUST_342","Electronics","Camera",2,475.11,950.22,"2024-12-17",26,"Denver","CO"
1970,"CUST_186","Books","Cookbook",2,373.25,746.5,"2024-02-03",44,"Boston","MA"
1971,"CUST_139","Books","Biography",5,21,105,"2024-01-24",47,"Chicago","IL"
1972,"CUST_167","Books","Data Science Handbook",5,249.49,1247.45,"2024-09-08",28,"Denver","CO"
1973,"CUST_469","Clothing","Sweater",5,423.52,2117.6,"2024-06-10",45,"Seattle","WA"
1974,"CUST_082","Home & Garden","Lamp",5,486.39,2431.95,"2024-06-09",26,"Portland","OR"
1975,"CUST_349","Automotive","Car Phone Mount",3,214.47,643.41,"2024-07-16",23,"Austin","TX"
1976,"CUST_361","Books","Cookbook",5,130.44,652.2,"2024-06-11",43,"San Francisco","CA"
1977,"CUST_034","Beauty","Face Mask",2,221.37,442.74,"2024-01-16",40,"Chicago","IL"
1978,"CUST_363","Electronics","Tablet",4,156.93,627.72,"2024-09-04",32,"Miami","FL"
1979,"CUST_337","Books","Data Science Handbook",5,440.26,2201.3,"2024-05-28",38,"Phoenix","AZ"
1980,"CUST_210","Clothing","Hat",2,98.99,197.98,"2024-10-26",62,"New York","NY"
1981,"CUST_488","Books","JavaScript Guide",1,181.78,181.78,"2024-11-13",59,"Denver","CO"
1982,"CUST_206","Automotive","Car Phone Mount",1,478.12,478.12,"2024-03-26",56,"Portland","OR"
1983,"CUST_244","Sports","Running Shoes",3,267,801,"2024-09-07",50,"New York","NY"
1984,"CUST_151","Automotive","Car Charger",4,256.28,1025.12,"2024-05-18",26,"Boston","MA"
1985,"CUST_021","Toys","LEGO Set",1,30.47,30.47,"2024-08-17",66,"Seattle","WA"
1986,"CUST_036","Books","Novel",4,30.47,121.88,"2024-08-13",61,"Miami","FL"
1987,"CUST_002","Automotive","Floor Mats",4,412.49,1649.96,"2024-03-11",29,"Portland","OR"
1988,"CUST_454","Electronics","Smart Watch",4,71.77,287.08,"2024-08-11",53,"New York","NY"
1989,"CUST_408","Beauty","Face Mask",2,130.92,261.84,"2024-09-22",53,"Austin","TX"
1990,"CUST_195","Electronics","Smartphone",1,446.49,446.49,"2024-11-11",48,"Phoenix","AZ"
1991,"CUST_304","Home & Garden","Coffee Maker",3,120.35,361.05,"2024-11-09",27,"Chicago","IL"
1992,"CUST_055","Sports","Basketball",4,386.55,1546.2,"2024-08-12",56,"Phoenix","AZ"
1993,"CUST_214","Beauty","Moisturizer",5,90.17,450.85,"2024-08-05",61,"Denver","CO"
1994,"CUST_200","Toys","Board Game",4,314.52,1258.08,"2024-04-18",25,"Seattle","WA"
1995,"CUST_188","Electronics","Camera",4,223.55,894.2,"2024-05-13",59,"Miami","FL"
1996,"CUST_442","Electronics","Smartphone",3,92.7,278.1,"2024-06-04",44,"Phoenix","AZ"
1997,"CUST_156","Sports","Dumbbells",1,461.95,461.95,"2024-12-14",38,"New York","NY"
1998,"CUST_299","Electronics","Camera",5,172.93,864.65,"2024-05-08",42,"New York","NY"
1999,"CUST_421","Automotive","Air Freshener",3,168.1,504.3,"2024-06-07",22,"Chicago","IL"